[{"model": "etl.structurefilecollectionpreprocessor", "pk": 1, "fields": {"name": "generic", "params": "{\"regid\": {\"field\": \"chembl_id\", \"type\": \"REGID\"}, \"names\": []}"}}, {"model": "etl.structurefilecollectionpreprocessor", "pk": 2, "fields": {"name": "pubchem_ext_datasource", "params": {}}}, {"model": "etl.structurefilecollectionpreprocessor", "pk": 3, "fields": {"name": "generic", "params": "{\"regid\": {\"field\": \"PUBCHEM_COMPOUND_CID\", \"type\": \"PUBCHEM_CID\"}, \"names\": [{\"field\": \"PUBCHEM_IUPAC_OPENEYE_NAME\", \"type\": \"PUBCHEM_IUPAC_OPENEYE_NAME\"}, {\"field\": \"PUBCHEM_IUPAC_CAS_NAME\", \"type\": \"PUBCHEM_IUPAC_CAS_NAME\"}, {\"field\": \"PUBCHEM_IUPAC_NAME\", \"type\": \"PUBCHEM_IUPAC_NAME\"}, {\"field\": \"PUBCHEM_IUPAC_SYSTEMATIC_NAME\", \"type\": \"PUBCHEM_IUPAC_SYSTEMATIC_NAME\"}, {\"field\": \"PUBCHEM_IUPAC_TRADITIONAL_NAME\", \"type\": \"PUBCHEM_IUPAC_TRADITIONAL_NAME\"}]}"}}, {"model": "etl.structurefilecollectionpreprocessor", "pk": 4, "fields": {"name": "generic", "params": "{\"regid\": {\"field\": \"PUBCHEM_SUBSTANCE_ID\", \"type\": \"PUBCHEM_SID\"}, \"names\": [{\"field\": \"PUBCHEM_SUBSTANCE_SYNONYM\", \"type\": \"PUBCHEM_SUBSTANCE_SYNONYM\"}, {\"field\": \"PUBCHEM_GENERIC_REGISTRY_NAME\", \"type\": \"PUBCHEM_GENERIC_REGISTRY_NAME\"}]}"}}, {"model": "etl.structurefilecollectionpreprocessor", "pk": 5, "fields": {"name": "generic", "params": "{\"regid\": {\"field\": \"PUBCHEM_EXT_DATASOURCE_REGID\", \"type\": \"NSC_NUMBER\"}, \"names\": [{\"field\": \"PUBCHEM_SUBSTANCE_SYNONYM\", \"type\": \"PUBCHEM_SUBSTANCE_SYNONYM\"}, {\"field\": \"PUBCHEM_GENERIC_REGISTRY_NAME\", \"type\": \"PUBCHEM_GENERIC_REGISTRY_NAME\"}]}"}}, {"model": "etl.structurefilecollection", "pk": 1, "fields": {"release": 1, "file_location_pattern_string": "MINI/chembl/29/chembl_29.sdf", "description": null, "added": "2023-04-05T15:05:08.651Z", "modified": "2023-04-05T15:05:08.655Z", "preprocessors": [1]}}, {"model": "etl.structurefilecollection", "pk": 2, "fields": {"release": 2, "file_location_pattern_string": "MINI/pubchem/compound/Compound_*.sdf", "description": null, "added": "2023-04-05T15:05:08.670Z", "modified": "2023-04-05T15:05:08.674Z", "preprocessors": [3]}}, {"model": "etl.structurefilecollection", "pk": 3, "fields": {"release": 3, "file_location_pattern_string": "MINI/pubchem/substance/Substance_*.sdf", "description": null, "added": "2023-04-05T15:05:08.686Z", "modified": "2023-04-05T15:05:08.690Z", "preprocessors": [2, 4]}}, {"model": "etl.structurefilecollection", "pk": 4, "fields": {"release": 5, "file_location_pattern_string": "MINI/nci/NCI_DTP.sdf", "description": null, "added": "2023-04-05T15:05:08.709Z", "modified": "2023-04-05T15:05:08.715Z", "preprocessors": [5]}}, {"model": "resolver.inchitype", "pk": 1, "fields": {"title": "standard", "software_version": "1.06", "description": "Standard InChI", "is_standard": true, "newpsoff": false, "donotaddh": true, "snon": false, "srel": false, "srac": false, "sucf": false, "suu": false, "sluud": false, "recmet": false, "fixedh": false, "ket": false, "t15": false, "pt_22_00": false, "pt_16_00": false, "pt_06_00": false, "pt_39_00": false, "pt_13_00": false, "pt_18_00": false, "added": "2023-04-05T15:05:08.719Z", "modified": "2023-04-05T15:05:08.721Z"}}, {"model": "resolver.inchitype", "pk": 2, "fields": {"title": "original", "software_version": "('1.06',)", "description": "('InChI with FixedH layer and RecMet option',)", "is_standard": false, "newpsoff": false, "donotaddh": true, "snon": false, "srel": false, "srac": false, "sucf": false, "suu": false, "sluud": false, "recmet": true, "fixedh": true, "ket": false, "t15": false, "pt_22_00": false, "pt_16_00": false, "pt_06_00": false, "pt_39_00": false, "pt_13_00": false, "pt_18_00": false, "added": "2023-04-05T15:05:08.723Z", "modified": "2023-04-05T15:05:08.725Z"}}, {"model": "resolver.inchitype", "pk": 3, "fields": {"title": "xtauto", "software_version": "('1.06',)", "description": "experimental InChI with FixedH layer, RecMet option and experimental tauto optionsKET and T15 options set", "is_standard": false, "newpsoff": false, "donotaddh": true, "snon": false, "srel": false, "srac": false, "sucf": false, "suu": false, "sluud": false, "recmet": true, "fixedh": true, "ket": true, "t15": true, "pt_22_00": false, "pt_16_00": false, "pt_06_00": false, "pt_39_00": false, "pt_13_00": false, "pt_18_00": false, "added": "2023-04-05T15:05:08.728Z", "modified": "2023-04-05T15:05:08.731Z"}}, {"model": "resolver.inchitype", "pk": 4, "fields": {"title": "xtautox", "software_version": "('1.06T',)", "description": "('experimental InChI with FixedH layer, RecMet option and experimental tauto options KET, T15 including NCI tautomer options set',)", "is_standard": false, "newpsoff": false, "donotaddh": true, "snon": false, "srel": false, "srac": false, "sucf": false, "suu": false, "sluud": false, "recmet": true, "fixedh": true, "ket": true, "t15": true, "pt_22_00": true, "pt_16_00": true, "pt_06_00": true, "pt_39_00": true, "pt_13_00": true, "pt_18_00": true, "added": "2023-04-05T15:05:08.734Z", "modified": "2023-04-05T15:05:08.736Z"}}, {"model": "resolver.nametype", "pk": 1, "fields": {"title": "REGID", "parent": null, "public_string": "Registration ID", "description": null}}, {"model": "resolver.nametype", "pk": 2, "fields": {"title": "NAME", "parent": null, "public_string": "Chemical Name or Synonym", "description": null}}, {"model": "resolver.nametype", "pk": 3, "fields": {"title": "PUBCHEM_IUPAC_NAME", "parent": 2, "public_string": "PubChem IUPAC NAME", "description": null}}, {"model": "resolver.nametype", "pk": 4, "fields": {"title": "PUBCHEM_IUPAC_OPENEYE_NAME", "parent": 2, "public_string": "PubChem IUPAC OPENEYE NAME", "description": null}}, {"model": "resolver.nametype", "pk": 5, "fields": {"title": "PUBCHEM_IUPAC_CAS_NAME", "parent": 2, "public_string": "PubChem IUPAC CAS NAME", "description": null}}, {"model": "resolver.nametype", "pk": 6, "fields": {"title": "PUBCHEM_IUPAC_TRADITIONAL_NAME", "parent": 2, "public_string": "PubChem IUPAC TRADITIONAL NAME", "description": null}}, {"model": "resolver.nametype", "pk": 7, "fields": {"title": "PUBCHEM_IUPAC_SYSTEMATIC_NAME", "parent": 2, "public_string": "PubChem IUPAC SYSTEMATIC NAME", "description": null}}, {"model": "resolver.nametype", "pk": 8, "fields": {"title": "PUBCHEM_GENERIC_REGISTRY_NAME", "parent": 2, "public_string": "PubChem GENERIC REGISTRY NAME", "description": null}}, {"model": "resolver.nametype", "pk": 9, "fields": {"title": "PUBCHEM_SUBSTANCE_SYNONYM", "parent": 2, "public_string": "PubChem SUBSTANCE SYNONYM", "description": null}}, {"model": "resolver.nametype", "pk": 10, "fields": {"title": "NSC_NUMBER", "parent": 1, "public_string": "NSC number", "description": null}}, {"model": "resolver.nametype", "pk": 11, "fields": {"title": "NSC_NUMBER_PREFIXED", "parent": 1, "public_string": "NSC number prefixed", "description": null}}, {"model": "resolver.nametype", "pk": 12, "fields": {"title": "PUBCHEM_SID", "parent": 1, "public_string": "PubChem SID", "description": null}}, {"model": "resolver.nametype", "pk": 13, "fields": {"title": "PUBCHEM_CID", "parent": 1, "public_string": "PubChem CID", "description": null}}, {"model": "resolver.nameaffinityclass", "pk": 1, "fields": {"title": "exact", "description": "Exact"}}, {"model": "resolver.nameaffinityclass", "pk": 2, "fields": {"title": "narrow", "description": "Narrow"}}, {"model": "resolver.nameaffinityclass", "pk": 3, "fields": {"title": "broad", "description": "Broad"}}, {"model": "resolver.nameaffinityclass", "pk": 4, "fields": {"title": "unknown", "description": "Unknown"}}, {"model": "resolver.nameaffinityclass", "pk": 5, "fields": {"title": "unspecified", "description": "Unspecified"}}, {"model": "resolver.nameaffinityclass", "pk": 6, "fields": {"title": "generic", "description": "Generic"}}, {"model": "resolver.nameaffinityclass", "pk": 7, "fields": {"title": "related", "description": "Related"}}, {"model": "resolver.organization", "pk": 1, "fields": {"parent": null, "name": "U.S. National Institutes of Health", "abbreviation": "NIH", "category": "government", "href": "https://www.nih.gov", "added": "2023-04-05T15:05:08.542Z", "modified": "2023-04-05T15:05:08.543Z"}}, {"model": "resolver.organization", "pk": 2, "fields": {"parent": 1, "name": "U.S. National Cancer Institute", "abbreviation": "NCI", "category": "government", "href": "https://www.cancer.gov", "added": "2023-04-05T15:05:08.546Z", "modified": "2023-04-05T15:05:08.548Z"}}, {"model": "resolver.organization", "pk": 3, "fields": {"parent": 1, "name": "U.S. National Library of Medicine", "abbreviation": "NLM", "category": "government", "href": "https://www.nlm.nih.gov", "added": "2023-04-05T15:05:08.551Z", "modified": "2023-04-05T15:05:08.552Z"}}, {"model": "resolver.organization", "pk": 4, "fields": {"parent": 3, "name": "U.S. National Center for Biotechnology Information", "abbreviation": "NCBI", "category": "government", "href": "https://www.ncbi.nlm.nih.gov", "added": "2023-04-05T15:05:08.555Z", "modified": "2023-04-05T15:05:08.557Z"}}, {"model": "resolver.organization", "pk": 5, "fields": {"parent": null, "name": "FIZ Karlsruhe – Leibniz-Institut für Informationsinfrastruktur", "abbreviation": "FIZ Karlsruhe", "category": "public", "href": "https://www.fiz-karlsruhe.de", "added": "2023-04-05T15:05:08.559Z", "modified": "2023-04-05T15:05:08.561Z"}}, {"model": "resolver.organization", "pk": 6, "fields": {"parent": null, "name": "European Molecular Biology Laboratory", "abbreviation": "EMBL", "category": "public", "href": "https://www.embl.org/", "added": "2023-04-05T15:05:08.563Z", "modified": "2023-04-05T15:05:08.565Z"}}, {"model": "resolver.organization", "pk": 7, "fields": {"parent": 6, "name": "EMBL's European Bioinformatics Institute", "abbreviation": "EMBL-EBI", "category": "public", "href": "https://www.ebi.ac.uk/", "added": "2023-04-05T15:05:08.568Z", "modified": "2023-04-05T15:05:08.570Z"}}, {"model": "resolver.publisher", "pk": 1, "fields": {"parent": null, "category": "group", "name": "NCI Computer-Aided Drug Design (CADD) Group", "description": null, "email": null, "address": "Frederick, MD 21702-1201, USA", "href": "https://cactus.nci.nih.gov", "orcid": null, "added": "2023-04-05T15:05:08.573Z", "modified": "2023-04-05T15:05:08.578Z", "organizations": [1, 2]}}, {"model": "resolver.publisher", "pk": 2, "fields": {"parent": 1, "category": "person", "name": "Marc Nicklaus", "description": null, "email": "mn1ahelix@gmail.com", "address": "Frederick, MD 21702-1201, USA", "href": "https://ccr.cancer.gov/staff-directory/marc-c-nicklaus", "orcid": "https://orcid.org/0000-0002-4775-7030", "added": "2023-04-05T15:05:08.581Z", "modified": "2023-04-05T15:05:08.585Z", "organizations": [1, 2]}}, {"model": "resolver.publisher", "pk": 3, "fields": {"parent": null, "category": "person", "name": "Markus Sitzmann", "description": null, "email": "markus.sitzmann@gmail.com", "address": null, "href": null, "orcid": "https://orcid.org/0000-0001-5346-1298", "added": "2023-04-05T15:05:08.588Z", "modified": "2023-04-05T15:05:08.590Z", "organizations": []}}, {"model": "resolver.publisher", "pk": 4, "fields": {"parent": null, "category": "division", "name": "PubChem", "description": null, "email": "pubchem-help@ncbi.nlm.nih.gov", "address": "8600 Rockville Pike; Bethesda, MD  20894; USA", "href": "https://pubchemdocs.ncbi.nlm.nih.gov/contact", "orcid": null, "added": "2023-04-05T15:05:08.592Z", "modified": "2023-04-05T15:05:08.596Z", "organizations": [3, 4]}}, {"model": "resolver.publisher", "pk": 5, "fields": {"parent": null, "category": "group", "name": "ChEMBL Team", "description": null, "email": null, "address": null, "href": "https://chembl.gitbook.io/chembl-interface-documentation/about", "orcid": null, "added": "2023-04-05T15:05:08.599Z", "modified": "2023-04-05T15:05:08.603Z", "organizations": [6, 7]}}, {"model": "resolver.publisher", "pk": 6, "fields": {"parent": null, "category": "division", "name": "DTP/NCI", "description": null, "email": null, "address": null, "href": "https://dtp.cancer.gov/", "orcid": null, "added": "2023-04-05T15:05:08.605Z", "modified": "2023-04-05T15:05:08.609Z", "organizations": [1, 2]}}, {"model": "resolver.contexttag", "pk": 1, "fields": {"tag": "other", "description": null}}, {"model": "resolver.contexttag", "pk": 2, "fields": {"tag": "screening", "description": null}}, {"model": "resolver.contexttag", "pk": 3, "fields": {"tag": "building blocks", "description": null}}, {"model": "resolver.contexttag", "pk": 4, "fields": {"tag": "toxicology", "description": null}}, {"model": "resolver.contexttag", "pk": 5, "fields": {"tag": "environmental", "description": null}}, {"model": "resolver.contexttag", "pk": 6, "fields": {"tag": "patent", "description": null}}, {"model": "resolver.contexttag", "pk": 7, "fields": {"tag": "journal", "description": null}}, {"model": "resolver.contexttag", "pk": 8, "fields": {"tag": "literature", "description": null}}, {"model": "resolver.contexttag", "pk": 9, "fields": {"tag": "natural product", "description": null}}, {"model": "resolver.contexttag", "pk": 10, "fields": {"tag": "imaging", "description": null}}, {"model": "resolver.contexttag", "pk": 11, "fields": {"tag": "contrast agent", "description": null}}, {"model": "resolver.contexttag", "pk": 12, "fields": {"tag": "meta", "description": null}}, {"model": "resolver.contexttag", "pk": 13, "fields": {"tag": "vendor", "description": null}}, {"model": "resolver.contexttag", "pk": 14, "fields": {"tag": "drug", "description": null}}, {"model": "resolver.contexttag", "pk": 15, "fields": {"tag": "SAR", "description": null}}, {"model": "resolver.contexttag", "pk": 16, "fields": {"tag": "QSAR", "description": null}}, {"model": "resolver.contexttag", "pk": 17, "fields": {"tag": "physicochemical property", "description": null}}, {"model": "resolver.contexttag", "pk": 18, "fields": {"tag": "ligand", "description": null}}, {"model": "resolver.contexttag", "pk": 19, "fields": {"tag": "small molecule", "description": null}}, {"model": "resolver.contexttag", "pk": 20, "fields": {"tag": "crystal-structure", "description": null}}, {"model": "resolver.dataset", "pk": 1, "fields": {"name": "PubChem", "href": "https://pubchem.ncbi.nlm.nih.gov/", "description": "PubChem is an open chemistry database at the National Institutes of Health (NIH)", "publisher": 4, "added": "2023-04-05T15:05:08.613Z", "modified": "2023-04-05T15:05:08.618Z", "context_tags": [12]}}, {"model": "resolver.dataset", "pk": 2, "fields": {"name": "ChEMBL", "href": "https://www.ebi.ac.uk/chembl/", "description": "ChEMBL is a manually curated database of bioactive molecules with drug-like properties", "publisher": 5, "added": "2023-04-05T15:05:08.623Z", "modified": "2023-04-05T15:05:08.628Z", "context_tags": [14]}}, {"model": "resolver.dataset", "pk": 3, "fields": {"name": "DTP/NCI", "href": "https://dtp.cancer.gov/", "description": "NCI database", "publisher": 6, "added": "2023-04-05T15:05:08.632Z", "modified": "2023-04-05T15:05:08.636Z", "context_tags": [2]}}, {"model": "resolver.release", "pk": 1, "fields": {"parent": null, "dataset": 2, "publisher": 5, "name": "", "description": "ChEMBL database", "href": null, "classification": "public", "status": "active", "version": "29", "released": null, "downloaded": "2022-02-01", "added": "2023-04-05T15:05:08.645Z", "modified": "2023-04-05T15:05:08.647Z", "record_uri_pattern": []}}, {"model": "resolver.release", "pk": 2, "fields": {"parent": null, "dataset": 1, "publisher": 4, "name": "PubChem Compound", "description": "PubChem Compound database", "href": null, "classification": "public", "status": "active", "version": "0", "released": null, "downloaded": "2022-02-01", "added": "2023-04-05T15:05:08.666Z", "modified": "2023-04-05T15:05:08.668Z", "record_uri_pattern": []}}, {"model": "resolver.release", "pk": 3, "fields": {"parent": null, "dataset": 1, "publisher": 4, "name": "PubChem Substance", "description": "PubChem Substance database", "href": null, "classification": "public", "status": "active", "version": "0", "released": null, "downloaded": "2022-02-01", "added": "2023-04-05T15:05:08.681Z", "modified": "2023-04-05T15:05:08.683Z", "record_uri_pattern": []}}, {"model": "resolver.release", "pk": 4, "fields": {"parent": null, "dataset": 3, "publisher": 4, "name": "DTP/NCI", "description": "NCI database", "href": null, "classification": "public", "status": "active", "version": "0", "released": null, "downloaded": "2022-02-01", "added": "2023-04-05T15:05:08.698Z", "modified": "2023-04-05T15:05:08.700Z", "record_uri_pattern": []}}, {"model": "resolver.release", "pk": 5, "fields": {"parent": null, "dataset": 3, "publisher": 1, "name": "Open NCI Database", "description": "NCI database", "href": null, "classification": "public", "status": "active", "version": "0", "released": null, "downloaded": "2022-02-01", "added": "2023-04-05T15:05:08.705Z", "modified": "2023-04-05T15:05:08.706Z", "record_uri_pattern": []}}]