[
  {
    "model": "etl.structurefilecollectionpreprocessor",
    "pk": 1,
    "fields": {
      "name": "generic",
      "params": "{\"regid\": {\"field\": \"chembl_id\", \"type\": \"REGID\"}, \"names\": []}"
    }
  },
  {
    "model": "etl.structurefilecollectionpreprocessor",
    "pk": 2,
    "fields": {
      "name": "pubchem_ext_datasource",
      "params": {}
    }
  },
  {
    "model": "etl.structurefilecollectionpreprocessor",
    "pk": 3,
    "fields": {
      "name": "generic",
      "params": "{\"regid\": {\"field\": \"PUBCHEM_COMPOUND_CID\", \"type\": \"PUBCHEM_CID\"}, \"names\": [{\"field\": \"PUBCHEM_IUPAC_OPENEYE_NAME\", \"type\": \"PUBCHEM_IUPAC_OPENEYE_NAME\"}, {\"field\": \"PUBCHEM_IUPAC_CAS_NAME\", \"type\": \"PUBCHEM_IUPAC_CAS_NAME\"}, {\"field\": \"PUBCHEM_IUPAC_NAME\", \"type\": \"PUBCHEM_IUPAC_NAME\"}, {\"field\": \"PUBCHEM_IUPAC_SYSTEMATIC_NAME\", \"type\": \"PUBCHEM_IUPAC_SYSTEMATIC_NAME\"}, {\"field\": \"PUBCHEM_IUPAC_TRADITIONAL_NAME\", \"type\": \"PUBCHEM_IUPAC_TRADITIONAL_NAME\"}]}"
    }
  },
  {
    "model": "etl.structurefilecollectionpreprocessor",
    "pk": 4,
    "fields": {
      "name": "generic",
      "params": "{\"regid\": {\"field\": \"PUBCHEM_SUBSTANCE_ID\", \"type\": \"PUBCHEM_SID\"}, \"names\": [{\"field\": \"PUBCHEM_SUBSTANCE_SYNONYM\", \"type\": \"PUBCHEM_SUBSTANCE_SYNONYM\"}, {\"field\": \"PUBCHEM_GENERIC_REGISTRY_NAME\", \"type\": \"PUBCHEM_GENERIC_REGISTRY_NAME\"}]}"
    }
  },
  {
    "model": "etl.structurefilecollection",
    "pk": 1,
    "fields": {
      "release": 1,
      "file_location_pattern_string": "MINI/chembl/29/chembl_29.sdf",
      "description": null,
      "added": "2022-10-09T16:53:20.911Z",
      "modified": "2022-10-09T16:53:20.920Z",
      "preprocessors": [
        1
      ]
    }
  },
  {
    "model": "etl.structurefilecollection",
    "pk": 2,
    "fields": {
      "release": 2,
      "file_location_pattern_string": "MINI/pubchem/compound/Compound_*.sdf",
      "description": null,
      "added": "2022-10-09T16:53:20.942Z",
      "modified": "2022-10-09T16:53:20.946Z",
      "preprocessors": [
        3
      ]
    }
  },
  {
    "model": "etl.structurefilecollection",
    "pk": 3,
    "fields": {
      "release": 3,
      "file_location_pattern_string": "MINI/pubchem/substance/Substance_*.sdf",
      "description": null,
      "added": "2022-10-09T16:53:20.970Z",
      "modified": "2022-10-09T16:53:20.974Z",
      "preprocessors": [
        2,
        4
      ]
    }
  },
  {
    "model": "resolver.inchitype",
    "pk": "original",
    "fields": {
      "software_version": "('1.06',)",
      "description": "('InChI with FixedH layer and RecMet option',)",
      "is_standard": false,
      "newpsoff": false,
      "donotaddh": true,
      "snon": false,
      "srel": false,
      "srac": false,
      "sucf": false,
      "suu": false,
      "sluud": false,
      "recmet": true,
      "fixedh": true,
      "ket": false,
      "t15": false,
      "pt_22_00": false,
      "pt_16_00": false,
      "pt_06_00": false,
      "pt_39_00": false,
      "pt_13_00": false,
      "pt_18_00": false,
      "added": "2022-10-09T16:53:20.983Z",
      "modified": "2022-10-09T16:53:20.985Z"
    }
  },
  {
    "model": "resolver.inchitype",
    "pk": "standard",
    "fields": {
      "software_version": "1.06",
      "description": "Standard InChI",
      "is_standard": true,
      "newpsoff": false,
      "donotaddh": true,
      "snon": false,
      "srel": false,
      "srac": false,
      "sucf": false,
      "suu": false,
      "sluud": false,
      "recmet": false,
      "fixedh": false,
      "ket": false,
      "t15": false,
      "pt_22_00": false,
      "pt_16_00": false,
      "pt_06_00": false,
      "pt_39_00": false,
      "pt_13_00": false,
      "pt_18_00": false,
      "added": "2022-10-09T16:53:20.977Z",
      "modified": "2022-10-09T16:53:20.979Z"
    }
  },
  {
    "model": "resolver.inchitype",
    "pk": "xtauto",
    "fields": {
      "software_version": "('1.06',)",
      "description": "experimental InChI with FixedH layer, RecMet option and experimental tauto optionsKET and T15 options set",
      "is_standard": false,
      "newpsoff": false,
      "donotaddh": true,
      "snon": false,
      "srel": false,
      "srac": false,
      "sucf": false,
      "suu": false,
      "sluud": false,
      "recmet": true,
      "fixedh": true,
      "ket": true,
      "t15": true,
      "pt_22_00": false,
      "pt_16_00": false,
      "pt_06_00": false,
      "pt_39_00": false,
      "pt_13_00": false,
      "pt_18_00": false,
      "added": "2022-10-09T16:53:20.988Z",
      "modified": "2022-10-09T16:53:20.990Z"
    }
  },
  {
    "model": "resolver.inchitype",
    "pk": "xtautox",
    "fields": {
      "software_version": "('1.06T',)",
      "description": "('experimental InChI with FixedH layer, RecMet option and experimental tauto options KET, T15 including NCI tautomer options set',)",
      "is_standard": false,
      "newpsoff": false,
      "donotaddh": true,
      "snon": false,
      "srel": false,
      "srac": false,
      "sucf": false,
      "suu": false,
      "sluud": false,
      "recmet": true,
      "fixedh": true,
      "ket": true,
      "t15": true,
      "pt_22_00": true,
      "pt_16_00": true,
      "pt_06_00": true,
      "pt_39_00": true,
      "pt_13_00": true,
      "pt_18_00": true,
      "added": "2022-10-09T16:53:20.993Z",
      "modified": "2022-10-09T16:53:20.995Z"
    }
  },
  {
    "model": "resolver.nametype",
    "pk": "NAME",
    "fields": {
      "parent": null,
      "public_string": "Chemical Name or Synonym",
      "description": null
    }
  },
  {
    "model": "resolver.nametype",
    "pk": "NSC_NUMBER",
    "fields": {
      "parent": "REGID",
      "public_string": "NSC number",
      "description": null
    }
  },
  {
    "model": "resolver.nametype",
    "pk": "NSC_NUMBER_PREFIXED",
    "fields": {
      "parent": "REGID",
      "public_string": "NSC number prefixed",
      "description": null
    }
  },
  {
    "model": "resolver.nametype",
    "pk": "PUBCHEM_CID",
    "fields": {
      "parent": "REGID",
      "public_string": "PubChem CID",
      "description": null
    }
  },
  {
    "model": "resolver.nametype",
    "pk": "PUBCHEM_GENERIC_REGISTRY_NAME",
    "fields": {
      "parent": "NAME",
      "public_string": "PubChem GENERIC REGISTRY NAME",
      "description": null
    }
  },
  {
    "model": "resolver.nametype",
    "pk": "PUBCHEM_IUPAC_CAS_NAME",
    "fields": {
      "parent": "NAME",
      "public_string": "PubChem IUPAC CAS NAME",
      "description": null
    }
  },
  {
    "model": "resolver.nametype",
    "pk": "PUBCHEM_IUPAC_NAME",
    "fields": {
      "parent": "NAME",
      "public_string": "PubChem IUPAC NAME",
      "description": null
    }
  },
  {
    "model": "resolver.nametype",
    "pk": "PUBCHEM_IUPAC_OPENEYE_NAME",
    "fields": {
      "parent": "NAME",
      "public_string": "PubChem IUPAC OPENEYE NAME",
      "description": null
    }
  },
  {
    "model": "resolver.nametype",
    "pk": "PUBCHEM_IUPAC_SYSTEMATIC_NAME",
    "fields": {
      "parent": "NAME",
      "public_string": "PubChem IUPAC SYSTEMATIC NAME",
      "description": null
    }
  },
  {
    "model": "resolver.nametype",
    "pk": "PUBCHEM_IUPAC_TRADITIONAL_NAME",
    "fields": {
      "parent": "NAME",
      "public_string": "PubChem IUPAC TRADITIONAL NAME",
      "description": null
    }
  },
  {
    "model": "resolver.nametype",
    "pk": "PUBCHEM_SID",
    "fields": {
      "parent": "REGID",
      "public_string": "PubChem SID",
      "description": null
    }
  },
  {
    "model": "resolver.nametype",
    "pk": "PUBCHEM_SUBSTANCE_SYNONYM",
    "fields": {
      "parent": "NAME",
      "public_string": "PubChem SUBSTANCE SYNONYM",
      "description": null
    }
  },
  {
    "model": "resolver.nametype",
    "pk": "REGID",
    "fields": {
      "parent": null,
      "public_string": "Registration ID",
      "description": null
    }
  },
  {
    "model": "resolver.organization",
    "pk": 1,
    "fields": {
      "parent": null,
      "name": "U.S. National Institutes of Health",
      "abbreviation": "NIH",
      "category": "government",
      "href": "https://www.nih.gov",
      "added": "2022-10-09T16:53:20.754Z",
      "modified": "2022-10-09T16:53:20.756Z"
    }
  },
  {
    "model": "resolver.organization",
    "pk": 2,
    "fields": {
      "parent": 1,
      "name": "U.S. National Cancer Institute",
      "abbreviation": "NCI",
      "category": "government",
      "href": "https://www.cancer.gov",
      "added": "2022-10-09T16:53:20.759Z",
      "modified": "2022-10-09T16:53:20.761Z"
    }
  },
  {
    "model": "resolver.organization",
    "pk": 3,
    "fields": {
      "parent": 1,
      "name": "U.S. National Library of Medicine",
      "abbreviation": "NLM",
      "category": "government",
      "href": "https://www.nlm.nih.gov",
      "added": "2022-10-09T16:53:20.765Z",
      "modified": "2022-10-09T16:53:20.767Z"
    }
  },
  {
    "model": "resolver.organization",
    "pk": 4,
    "fields": {
      "parent": 3,
      "name": "U.S. National Center for Biotechnology Information",
      "abbreviation": "NCBI",
      "category": "government",
      "href": "https://www.ncbi.nlm.nih.gov",
      "added": "2022-10-09T16:53:20.771Z",
      "modified": "2022-10-09T16:53:20.773Z"
    }
  },
  {
    "model": "resolver.organization",
    "pk": 5,
    "fields": {
      "parent": null,
      "name": "FIZ Karlsruhe – Leibniz-Institut für Informationsinfrastruktur",
      "abbreviation": "FIZ Karlsruhe",
      "category": "public",
      "href": "https://www.fiz-karlsruhe.de",
      "added": "2022-10-09T16:53:20.775Z",
      "modified": "2022-10-09T16:53:20.777Z"
    }
  },
  {
    "model": "resolver.organization",
    "pk": 6,
    "fields": {
      "parent": null,
      "name": "European Molecular Biology Laboratory",
      "abbreviation": "EMBL",
      "category": "public",
      "href": "https://www.embl.org/",
      "added": "2022-10-09T16:53:20.779Z",
      "modified": "2022-10-09T16:53:20.781Z"
    }
  },
  {
    "model": "resolver.organization",
    "pk": 7,
    "fields": {
      "parent": 6,
      "name": "EMBL's European Bioinformatics Institute",
      "abbreviation": "EMBL-EBI",
      "category": "public",
      "href": "https://www.ebi.ac.uk/",
      "added": "2022-10-09T16:53:20.784Z",
      "modified": "2022-10-09T16:53:20.787Z"
    }
  },
  {
    "model": "resolver.publisher",
    "pk": 1,
    "fields": {
      "parent": null,
      "category": "group",
      "name": "NCI Computer-Aided Drug Design (CADD) Group",
      "description": null,
      "email": null,
      "address": "Frederick, MD 21702-1201, USA",
      "href": "https://cactus.nci.nih.gov",
      "orcid": null,
      "added": "2022-10-09T16:53:20.790Z",
      "modified": "2022-10-09T16:53:20.795Z",
      "organizations": [
        1,
        2
      ]
    }
  },
  {
    "model": "resolver.publisher",
    "pk": 2,
    "fields": {
      "parent": 1,
      "category": "person",
      "name": "Marc Nicklaus",
      "description": null,
      "email": "mn1ahelix@gmail.com",
      "address": "Frederick, MD 21702-1201, USA",
      "href": "https://ccr.cancer.gov/staff-directory/marc-c-nicklaus",
      "orcid": "https://orcid.org/0000-0002-4775-7030",
      "added": "2022-10-09T16:53:20.799Z",
      "modified": "2022-10-09T16:53:20.804Z",
      "organizations": [
        1,
        2
      ]
    }
  },
  {
    "model": "resolver.publisher",
    "pk": 3,
    "fields": {
      "parent": null,
      "category": "person",
      "name": "Markus Sitzmann",
      "description": null,
      "email": "markus.sitzmann@gmail.com",
      "address": null,
      "href": null,
      "orcid": "https://orcid.org/0000-0001-5346-1298",
      "added": "2022-10-09T16:53:20.808Z",
      "modified": "2022-10-09T16:53:20.810Z",
      "organizations": []
    }
  },
  {
    "model": "resolver.publisher",
    "pk": 4,
    "fields": {
      "parent": null,
      "category": "division",
      "name": "PubChem",
      "description": null,
      "email": "pubchem-help@ncbi.nlm.nih.gov",
      "address": "8600 Rockville Pike; Bethesda, MD  20894; USA",
      "href": "https://pubchemdocs.ncbi.nlm.nih.gov/contact",
      "orcid": null,
      "added": "2022-10-09T16:53:20.815Z",
      "modified": "2022-10-09T16:53:20.829Z",
      "organizations": [
        3,
        4
      ]
    }
  },
  {
    "model": "resolver.publisher",
    "pk": 5,
    "fields": {
      "parent": null,
      "category": "group",
      "name": "ChEMBL Team",
      "description": null,
      "email": null,
      "address": null,
      "href": "https://chembl.gitbook.io/chembl-interface-documentation/about",
      "orcid": null,
      "added": "2022-10-09T16:53:20.834Z",
      "modified": "2022-10-09T16:53:20.839Z",
      "organizations": [
        6,
        7
      ]
    }
  },
  {
    "model": "resolver.publisher",
    "pk": 6,
    "fields": {
      "parent": null,
      "category": "division",
      "name": "DTP/NCI",
      "description": null,
      "email": null,
      "address": null,
      "href": "https://dtp.cancer.gov/",
      "orcid": null,
      "added": "2022-10-09T16:53:20.845Z",
      "modified": "2022-10-09T16:53:20.850Z",
      "organizations": [
        1,
        2
      ]
    }
  },
  {
    "model": "resolver.contexttag",
    "pk": 1,
    "fields": {
      "tag": "other",
      "description": null
    }
  },
  {
    "model": "resolver.contexttag",
    "pk": 2,
    "fields": {
      "tag": "screening",
      "description": null
    }
  },
  {
    "model": "resolver.contexttag",
    "pk": 3,
    "fields": {
      "tag": "building blocks",
      "description": null
    }
  },
  {
    "model": "resolver.contexttag",
    "pk": 4,
    "fields": {
      "tag": "toxicology",
      "description": null
    }
  },
  {
    "model": "resolver.contexttag",
    "pk": 5,
    "fields": {
      "tag": "environmental",
      "description": null
    }
  },
  {
    "model": "resolver.contexttag",
    "pk": 6,
    "fields": {
      "tag": "patent",
      "description": null
    }
  },
  {
    "model": "resolver.contexttag",
    "pk": 7,
    "fields": {
      "tag": "journal",
      "description": null
    }
  },
  {
    "model": "resolver.contexttag",
    "pk": 8,
    "fields": {
      "tag": "literature",
      "description": null
    }
  },
  {
    "model": "resolver.contexttag",
    "pk": 9,
    "fields": {
      "tag": "natural product",
      "description": null
    }
  },
  {
    "model": "resolver.contexttag",
    "pk": 10,
    "fields": {
      "tag": "imaging",
      "description": null
    }
  },
  {
    "model": "resolver.contexttag",
    "pk": 11,
    "fields": {
      "tag": "contrast agent",
      "description": null
    }
  },
  {
    "model": "resolver.contexttag",
    "pk": 12,
    "fields": {
      "tag": "meta",
      "description": null
    }
  },
  {
    "model": "resolver.contexttag",
    "pk": 13,
    "fields": {
      "tag": "vendor",
      "description": null
    }
  },
  {
    "model": "resolver.contexttag",
    "pk": 14,
    "fields": {
      "tag": "drug",
      "description": null
    }
  },
  {
    "model": "resolver.contexttag",
    "pk": 15,
    "fields": {
      "tag": "SAR",
      "description": null
    }
  },
  {
    "model": "resolver.contexttag",
    "pk": 16,
    "fields": {
      "tag": "QSAR",
      "description": null
    }
  },
  {
    "model": "resolver.contexttag",
    "pk": 17,
    "fields": {
      "tag": "physicochemical property",
      "description": null
    }
  },
  {
    "model": "resolver.contexttag",
    "pk": 18,
    "fields": {
      "tag": "ligand",
      "description": null
    }
  },
  {
    "model": "resolver.contexttag",
    "pk": 19,
    "fields": {
      "tag": "small molecule",
      "description": null
    }
  },
  {
    "model": "resolver.contexttag",
    "pk": 20,
    "fields": {
      "tag": "crystal-structure",
      "description": null
    }
  },
  {
    "model": "resolver.dataset",
    "pk": 1,
    "fields": {
      "name": "PubChem",
      "href": "https://pubchem.ncbi.nlm.nih.gov/",
      "description": "PubChem is an open chemistry database at the National Institutes of Health (NIH)",
      "publisher": 4,
      "added": "2022-10-09T16:53:20.856Z",
      "modified": "2022-10-09T16:53:20.864Z",
      "context_tags": [
        12
      ]
    }
  },
  {
    "model": "resolver.dataset",
    "pk": 2,
    "fields": {
      "name": "ChEMBL",
      "href": "https://www.ebi.ac.uk/chembl/",
      "description": "ChEMBL is a manually curated database of bioactive molecules with drug-like properties",
      "publisher": 5,
      "added": "2022-10-09T16:53:20.870Z",
      "modified": "2022-10-09T16:53:20.876Z",
      "context_tags": [
        14
      ]
    }
  },
  {
    "model": "resolver.dataset",
    "pk": 3,
    "fields": {
      "name": "DTP/NCI",
      "href": "https://dtp.cancer.gov/",
      "description": "NCI database",
      "publisher": 6,
      "added": "2022-10-09T16:53:20.882Z",
      "modified": "2022-10-09T16:53:20.888Z",
      "context_tags": [
        2
      ]
    }
  },
  {
    "model": "resolver.release",
    "pk": 1,
    "fields": {
      "parent": null,
      "dataset": 2,
      "publisher": 5,
      "name": "",
      "description": "ChEMBL database",
      "href": null,
      "classification": "public",
      "status": "active",
      "version": "29",
      "released": null,
      "downloaded": "2022-02-01",
      "added": "2022-10-09T16:53:20.902Z",
      "modified": "2022-10-09T16:53:20.906Z",
      "record_uri_pattern": []
    }
  },
  {
    "model": "resolver.release",
    "pk": 2,
    "fields": {
      "parent": null,
      "dataset": 1,
      "publisher": 4,
      "name": "PubChem Compound",
      "description": "PubChem Compound database",
      "href": null,
      "classification": "public",
      "status": "active",
      "version": "0",
      "released": null,
      "downloaded": "2022-02-01",
      "added": "2022-10-09T16:53:20.936Z",
      "modified": "2022-10-09T16:53:20.938Z",
      "record_uri_pattern": []
    }
  },
  {
    "model": "resolver.release",
    "pk": 3,
    "fields": {
      "parent": null,
      "dataset": 1,
      "publisher": 4,
      "name": "PubChem Substance",
      "description": "PubChem Substance database",
      "href": null,
      "classification": "public",
      "status": "active",
      "version": "0",
      "released": null,
      "downloaded": "2022-02-01",
      "added": "2022-10-09T16:53:20.961Z",
      "modified": "2022-10-09T16:53:20.964Z",
      "record_uri_pattern": []
    }
  }
]