[
  {
    "model": "etl.structurefilecollectionpreprocessor",
    "pk": 1,
    "fields": {
      "name": "pubchem_ext_datasource",
      "params": {}
    }
  },
  {
    "model": "etl.structurefilecollectionpreprocessor",
    "pk": 2,
    "fields": {
      "name": "generic",
      "params": "{\"regid\": {\"field\": \"PUBCHEM_COMPOUND_CID\", \"type\": \"PUBCHEM_CID\"}, \"names\": [{\"field\": \"PUBCHEM_IUPAC_OPENEYE_NAME\", \"type\": \"PUBCHEM_IUPAC_OPENEYE_NAME\"}, {\"field\": \"PUBCHEM_IUPAC_CAS_NAME\", \"type\": \"PUBCHEM_IUPAC_CAS_NAME\"}, {\"field\": \"PUBCHEM_IUPAC_NAME\", \"type\": \"PUBCHEM_IUPAC_NAME\"}, {\"field\": \"PUBCHEM_IUPAC_SYSTEMATIC_NAME\", \"type\": \"PUBCHEM_IUPAC_SYSTEMATIC_NAME\"}, {\"field\": \"PUBCHEM_IUPAC_TRADITIONAL_NAME\", \"type\": \"PUBCHEM_IUPAC_TRADITIONAL_NAME\"}]}"
    }
  },
  {
    "model": "etl.structurefilecollectionpreprocessor",
    "pk": 3,
    "fields": {
      "name": "generic",
      "params": "{\"regid\": {\"field\": \"PUBCHEM_SUBSTANCE_ID\", \"type\": \"PUBCHEM_SID\"}, \"names\": [{\"field\": \"PUBCHEM_SUBSTANCE_SYNONYM\", \"type\": \"PUBCHEM_SUBSTANCE_SYNONYM\"}, {\"field\": \"PUBCHEM_GENERIC_REGISTRY_NAME\", \"type\": \"PUBCHEM_GENERIC_REGISTRY_NAME\"}]}"
    }
  },
  {
    "model": "etl.structurefilecollectionpreprocessor",
    "pk": 4,
    "fields": {
      "name": "generic",
      "params": "{\"regid\": {\"field\": \"chembl_id\", \"type\": \"REGID\"}, \"names\": []}"
    }
  },
  {
    "model": "etl.structurefilecollectionpreprocessor",
    "pk": 5,
    "fields": {
      "name": "generic",
      "params": "{\"regid\": {\"field\": \"PUBCHEM_EXT_DATASOURCE_REGID\", \"type\": \"NSC_NUMBER\"}, \"names\": [{\"field\": \"PUBCHEM_SUBSTANCE_SYNONYM\", \"type\": \"PUBCHEM_SUBSTANCE_SYNONYM\"}, {\"field\": \"PUBCHEM_GENERIC_REGISTRY_NAME\", \"type\": \"PUBCHEM_GENERIC_REGISTRY_NAME\"}]}"
    }
  },
  {
    "model": "etl.structurefilecollection",
    "pk": 1,
    "fields": {
      "release": "7ed34390-cafe-443b-8106-9ca9ca2b5ccb",
      "file_location_pattern_string": "pubchem/compound/Compound_*.mini.sdf",
      "description": null,
      "added": "2022-09-18T17:43:57.245Z",
      "modified": "2022-09-18T17:43:57.249Z",
      "preprocessors": [
        2
      ]
    }
  },
  {
    "model": "etl.structurefilecollection",
    "pk": 2,
    "fields": {
      "release": "eedc9b66-ccd7-483c-91c0-736fbb711726",
      "file_location_pattern_string": "pubchem/substance/Substance_*.mini.sdf",
      "description": null,
      "added": "2022-09-18T17:43:57.262Z",
      "modified": "2022-09-18T17:43:57.266Z",
      "preprocessors": [
        1,
        3
      ]
    }
  },
  {
    "model": "etl.structurefilecollection",
    "pk": 3,
    "fields": {
      "release": "c154a1be-9ee2-477a-83ee-748612c3106c",
      "file_location_pattern_string": "chembl/29/chembl_29.mini.sdf",
      "description": null,
      "added": "2022-09-18T17:43:57.279Z",
      "modified": "2022-09-18T17:43:57.282Z",
      "preprocessors": [
        4
      ]
    }
  },
  {
    "model": "etl.structurefilecollection",
    "pk": 4,
    "fields": {
      "release": "6b908489-34b4-4cf8-8e74-e68674a5adcf",
      "file_location_pattern_string": "nci/NCI_DTP.mini.sdf",
      "description": null,
      "added": "2022-09-18T17:43:57.301Z",
      "modified": "2022-09-18T17:43:57.306Z",
      "preprocessors": [
        5
      ]
    }
  },
  {
    "model": "resolver.inchitype",
    "pk": "original",
    "fields": {
      "software_version": "('1.06',)",
      "description": "('InChI with FixedH layer and RecMet option',)",
      "is_standard": false,
      "newpsoff": false,
      "donotaddh": true,
      "snon": false,
      "srel": false,
      "srac": false,
      "sucf": false,
      "suu": false,
      "sluud": false,
      "recmet": true,
      "fixedh": true,
      "ket": false,
      "t15": false,
      "pt_22_00": false,
      "pt_16_00": false,
      "pt_06_00": false,
      "pt_39_00": false,
      "pt_13_00": false,
      "pt_18_00": false,
      "added": "2022-09-18T17:43:57.314Z",
      "modified": "2022-09-18T17:43:57.315Z"
    }
  },
  {
    "model": "resolver.inchitype",
    "pk": "standard",
    "fields": {
      "software_version": "1.06",
      "description": "Standard InChI",
      "is_standard": true,
      "newpsoff": false,
      "donotaddh": true,
      "snon": false,
      "srel": false,
      "srac": false,
      "sucf": false,
      "suu": false,
      "sluud": false,
      "recmet": false,
      "fixedh": false,
      "ket": false,
      "t15": false,
      "pt_22_00": false,
      "pt_16_00": false,
      "pt_06_00": false,
      "pt_39_00": false,
      "pt_13_00": false,
      "pt_18_00": false,
      "added": "2022-09-18T17:43:57.309Z",
      "modified": "2022-09-18T17:43:57.311Z"
    }
  },
  {
    "model": "resolver.inchitype",
    "pk": "xtauto",
    "fields": {
      "software_version": "('1.06',)",
      "description": "experimental InChI with FixedH layer, RecMet option and experimental tauto optionsKET and T15 options set",
      "is_standard": false,
      "newpsoff": false,
      "donotaddh": true,
      "snon": false,
      "srel": false,
      "srac": false,
      "sucf": false,
      "suu": false,
      "sluud": false,
      "recmet": true,
      "fixedh": true,
      "ket": true,
      "t15": true,
      "pt_22_00": false,
      "pt_16_00": false,
      "pt_06_00": false,
      "pt_39_00": false,
      "pt_13_00": false,
      "pt_18_00": false,
      "added": "2022-09-18T17:43:57.318Z",
      "modified": "2022-09-18T17:43:57.319Z"
    }
  },
  {
    "model": "resolver.inchitype",
    "pk": "xtautox",
    "fields": {
      "software_version": "('1.06T',)",
      "description": "('experimental InChI with FixedH layer, RecMet option and experimental tauto options KET, T15 including NCI tautomer options set',)",
      "is_standard": false,
      "newpsoff": false,
      "donotaddh": true,
      "snon": false,
      "srel": false,
      "srac": false,
      "sucf": false,
      "suu": false,
      "sluud": false,
      "recmet": true,
      "fixedh": true,
      "ket": true,
      "t15": true,
      "pt_22_00": true,
      "pt_16_00": true,
      "pt_06_00": true,
      "pt_39_00": true,
      "pt_13_00": true,
      "pt_18_00": true,
      "added": "2022-09-18T17:43:57.322Z",
      "modified": "2022-09-18T17:43:57.323Z"
    }
  },
  {
    "model": "resolver.nametype",
    "pk": "NAME",
    "fields": {
      "parent": null,
      "public_string": null,
      "description": null
    }
  },
  {
    "model": "resolver.nametype",
    "pk": "REGID",
    "fields": {
      "parent": null,
      "public_string": null,
      "description": null
    }
  },
  {
    "model": "resolver.organization",
    "pk": "34aa4b62-325d-4615-bc84-0308f0885838",
    "fields": {
      "parent": "98428fc4-f021-4d60-9d86-19f4e73f4342",
      "name": "U.S. National Center for Biotechnology Information",
      "abbreviation": "NCBI",
      "category": "government",
      "href": "https://www.ncbi.nlm.nih.gov",
      "added": "2022-09-18T17:43:57.149Z",
      "modified": "2022-09-18T17:43:57.151Z"
    }
  },
  {
    "model": "resolver.organization",
    "pk": "5fe067ce-1fba-4881-b069-f88281cd56b2",
    "fields": {
      "parent": null,
      "name": "European Molecular Biology Laboratory",
      "abbreviation": "EMBL",
      "category": "public",
      "href": "https://www.embl.org/",
      "added": "2022-09-18T17:43:57.157Z",
      "modified": "2022-09-18T17:43:57.159Z"
    }
  },
  {
    "model": "resolver.organization",
    "pk": "69d39c75-94c4-4d20-a680-0f69f86bca6c",
    "fields": {
      "parent": "5fe067ce-1fba-4881-b069-f88281cd56b2",
      "name": "EMBL's European Bioinformatics Institute",
      "abbreviation": "EMBL-EBI",
      "category": "public",
      "href": "https://www.ebi.ac.uk/",
      "added": "2022-09-18T17:43:57.162Z",
      "modified": "2022-09-18T17:43:57.164Z"
    }
  },
  {
    "model": "resolver.organization",
    "pk": "7b629f17-dd68-402a-a14f-10215bc93c7c",
    "fields": {
      "parent": null,
      "name": "FIZ Karlsruhe – Leibniz-Institut für Informationsinfrastruktur",
      "abbreviation": "FIZ Karlsruhe",
      "category": "public",
      "href": "https://www.fiz-karlsruhe.de",
      "added": "2022-09-18T17:43:57.153Z",
      "modified": "2022-09-18T17:43:57.155Z"
    }
  },
  {
    "model": "resolver.organization",
    "pk": "98428fc4-f021-4d60-9d86-19f4e73f4342",
    "fields": {
      "parent": "f7c5dad2-fc46-4501-849a-6efe7593f8c2",
      "name": "U.S. National Library of Medicine",
      "abbreviation": "NLM",
      "category": "government",
      "href": "https://www.nlm.nih.gov",
      "added": "2022-09-18T17:43:57.145Z",
      "modified": "2022-09-18T17:43:57.146Z"
    }
  },
  {
    "model": "resolver.organization",
    "pk": "f3343ce7-fdaa-4f75-b5a0-796dd1153275",
    "fields": {
      "parent": "f7c5dad2-fc46-4501-849a-6efe7593f8c2",
      "name": "U.S. National Cancer Institute",
      "abbreviation": "NCI",
      "category": "government",
      "href": "https://www.cancer.gov",
      "added": "2022-09-18T17:43:57.140Z",
      "modified": "2022-09-18T17:43:57.142Z"
    }
  },
  {
    "model": "resolver.organization",
    "pk": "f7c5dad2-fc46-4501-849a-6efe7593f8c2",
    "fields": {
      "parent": null,
      "name": "U.S. National Institutes of Health",
      "abbreviation": "NIH",
      "category": "government",
      "href": "https://www.nih.gov",
      "added": "2022-09-18T17:43:57.136Z",
      "modified": "2022-09-18T17:43:57.137Z"
    }
  },
  {
    "model": "resolver.publisher",
    "pk": "0d7fd4e5-2a90-46cd-bc3b-b2dc1f500c6b",
    "fields": {
      "parent": null,
      "category": "group",
      "name": "NCI Computer-Aided Drug Design (CADD) Group",
      "description": null,
      "email": null,
      "address": "Frederick, MD 21702-1201, USA",
      "href": "https://cactus.nci.nih.gov",
      "orcid": null,
      "added": "2022-09-18T17:43:57.167Z",
      "modified": "2022-09-18T17:43:57.172Z",
      "organizations": [
        "f3343ce7-fdaa-4f75-b5a0-796dd1153275",
        "f7c5dad2-fc46-4501-849a-6efe7593f8c2"
      ]
    }
  },
  {
    "model": "resolver.publisher",
    "pk": "7f2d2f5f-9883-4046-82a3-2e8d5b390b55",
    "fields": {
      "parent": null,
      "category": "group",
      "name": "ChEMBL Team",
      "description": null,
      "email": null,
      "address": null,
      "href": "https://chembl.gitbook.io/chembl-interface-documentation/about",
      "orcid": null,
      "added": "2022-09-18T17:43:57.192Z",
      "modified": "2022-09-18T17:43:57.196Z",
      "organizations": [
        "5fe067ce-1fba-4881-b069-f88281cd56b2",
        "69d39c75-94c4-4d20-a680-0f69f86bca6c"
      ]
    }
  },
  {
    "model": "resolver.publisher",
    "pk": "bdc9fe69-9a82-4681-bf95-5f8f511559aa",
    "fields": {
      "parent": null,
      "category": "division",
      "name": "PubChem",
      "description": null,
      "email": "pubchem-help@ncbi.nlm.nih.gov",
      "address": "8600 Rockville Pike; Bethesda, MD  20894; USA",
      "href": "https://pubchemdocs.ncbi.nlm.nih.gov/contact",
      "orcid": null,
      "added": "2022-09-18T17:43:57.186Z",
      "modified": "2022-09-18T17:43:57.189Z",
      "organizations": [
        "34aa4b62-325d-4615-bc84-0308f0885838",
        "98428fc4-f021-4d60-9d86-19f4e73f4342"
      ]
    }
  },
  {
    "model": "resolver.publisher",
    "pk": "cbdfad44-9688-45c7-9412-77ddbb247b39",
    "fields": {
      "parent": "0d7fd4e5-2a90-46cd-bc3b-b2dc1f500c6b",
      "category": "person",
      "name": "Marc Nicklaus",
      "description": null,
      "email": "mn1ahelix@gmail.com",
      "address": "Frederick, MD 21702-1201, USA",
      "href": "https://ccr.cancer.gov/staff-directory/marc-c-nicklaus",
      "orcid": "https://orcid.org/0000-0002-4775-7030",
      "added": "2022-09-18T17:43:57.175Z",
      "modified": "2022-09-18T17:43:57.179Z",
      "organizations": [
        "f3343ce7-fdaa-4f75-b5a0-796dd1153275",
        "f7c5dad2-fc46-4501-849a-6efe7593f8c2"
      ]
    }
  },
  {
    "model": "resolver.publisher",
    "pk": "d04cc861-c311-492f-aa03-6b8459cc5f38",
    "fields": {
      "parent": null,
      "category": "person",
      "name": "Markus Sitzmann",
      "description": null,
      "email": "markus.sitzmann@gmail.com",
      "address": null,
      "href": null,
      "orcid": "https://orcid.org/0000-0001-5346-1298",
      "added": "2022-09-18T17:43:57.182Z",
      "modified": "2022-09-18T17:43:57.183Z",
      "organizations": []
    }
  },
  {
    "model": "resolver.publisher",
    "pk": "e188e8be-21f3-4080-815c-3e8313471a53",
    "fields": {
      "parent": null,
      "category": "division",
      "name": "DTP/NCI",
      "description": null,
      "email": null,
      "address": null,
      "href": "https://dtp.cancer.gov/",
      "orcid": null,
      "added": "2022-09-18T17:43:57.199Z",
      "modified": "2022-09-18T17:43:57.202Z",
      "organizations": [
        "f3343ce7-fdaa-4f75-b5a0-796dd1153275",
        "f7c5dad2-fc46-4501-849a-6efe7593f8c2"
      ]
    }
  },
  {
    "model": "resolver.contexttag",
    "pk": 1,
    "fields": {
      "tag": "other",
      "description": null
    }
  },
  {
    "model": "resolver.contexttag",
    "pk": 2,
    "fields": {
      "tag": "screening",
      "description": null
    }
  },
  {
    "model": "resolver.contexttag",
    "pk": 3,
    "fields": {
      "tag": "building blocks",
      "description": null
    }
  },
  {
    "model": "resolver.contexttag",
    "pk": 4,
    "fields": {
      "tag": "toxicology",
      "description": null
    }
  },
  {
    "model": "resolver.contexttag",
    "pk": 5,
    "fields": {
      "tag": "environmental",
      "description": null
    }
  },
  {
    "model": "resolver.contexttag",
    "pk": 6,
    "fields": {
      "tag": "patent",
      "description": null
    }
  },
  {
    "model": "resolver.contexttag",
    "pk": 7,
    "fields": {
      "tag": "journal",
      "description": null
    }
  },
  {
    "model": "resolver.contexttag",
    "pk": 8,
    "fields": {
      "tag": "literature",
      "description": null
    }
  },
  {
    "model": "resolver.contexttag",
    "pk": 9,
    "fields": {
      "tag": "natural product",
      "description": null
    }
  },
  {
    "model": "resolver.contexttag",
    "pk": 10,
    "fields": {
      "tag": "imaging",
      "description": null
    }
  },
  {
    "model": "resolver.contexttag",
    "pk": 11,
    "fields": {
      "tag": "contrast agent",
      "description": null
    }
  },
  {
    "model": "resolver.contexttag",
    "pk": 12,
    "fields": {
      "tag": "meta",
      "description": null
    }
  },
  {
    "model": "resolver.contexttag",
    "pk": 13,
    "fields": {
      "tag": "vendor",
      "description": null
    }
  },
  {
    "model": "resolver.contexttag",
    "pk": 14,
    "fields": {
      "tag": "drug",
      "description": null
    }
  },
  {
    "model": "resolver.contexttag",
    "pk": 15,
    "fields": {
      "tag": "SAR",
      "description": null
    }
  },
  {
    "model": "resolver.contexttag",
    "pk": 16,
    "fields": {
      "tag": "QSAR",
      "description": null
    }
  },
  {
    "model": "resolver.contexttag",
    "pk": 17,
    "fields": {
      "tag": "physicochemical property",
      "description": null
    }
  },
  {
    "model": "resolver.contexttag",
    "pk": 18,
    "fields": {
      "tag": "ligand",
      "description": null
    }
  },
  {
    "model": "resolver.contexttag",
    "pk": 19,
    "fields": {
      "tag": "small molecule",
      "description": null
    }
  },
  {
    "model": "resolver.contexttag",
    "pk": 20,
    "fields": {
      "tag": "crystal-structure",
      "description": null
    }
  },
  {
    "model": "resolver.dataset",
    "pk": "79066c4c-9987-404d-8ace-93c3cacc9292",
    "fields": {
      "name": "DTP/NCI",
      "href": "https://dtp.cancer.gov/",
      "description": "NCI database",
      "publisher": "e188e8be-21f3-4080-815c-3e8313471a53",
      "added": "2022-09-18T17:43:57.224Z",
      "modified": "2022-09-18T17:43:57.229Z",
      "context_tags": [
        2
      ]
    }
  },
  {
    "model": "resolver.dataset",
    "pk": "ae8550c3-40a4-495d-8681-0a030f292ff4",
    "fields": {
      "name": "PubChem",
      "href": "https://pubchem.ncbi.nlm.nih.gov/",
      "description": "PubChem is an open chemistry database at the National Institutes of Health (NIH)",
      "publisher": "bdc9fe69-9a82-4681-bf95-5f8f511559aa",
      "added": "2022-09-18T17:43:57.206Z",
      "modified": "2022-09-18T17:43:57.212Z",
      "context_tags": [
        12
      ]
    }
  },
  {
    "model": "resolver.dataset",
    "pk": "c416d7c5-e47d-4d72-a192-4c2e2169ea4c",
    "fields": {
      "name": "ChEMBL",
      "href": "https://www.ebi.ac.uk/chembl/",
      "description": "ChEMBL is a manually curated database of bioactive molecules with drug-like properties",
      "publisher": "7f2d2f5f-9883-4046-82a3-2e8d5b390b55",
      "added": "2022-09-18T17:43:57.216Z",
      "modified": "2022-09-18T17:43:57.220Z",
      "context_tags": [
        14
      ]
    }
  },
  {
    "model": "resolver.release",
    "pk": "0fc93875-4e01-410b-bf27-c8306f6d229c",
    "fields": {
      "parent": null,
      "dataset": "79066c4c-9987-404d-8ace-93c3cacc9292",
      "publisher": "bdc9fe69-9a82-4681-bf95-5f8f511559aa",
      "name": "DTP/NCI",
      "description": "NCI database",
      "href": null,
      "classification": "public",
      "status": "active",
      "version": "0",
      "released": null,
      "downloaded": "2022-02-01",
      "added": "2022-09-18T17:43:57.289Z",
      "modified": "2022-09-18T17:43:57.291Z",
      "record_uri_pattern": []
    }
  },
  {
    "model": "resolver.release",
    "pk": "6b908489-34b4-4cf8-8e74-e68674a5adcf",
    "fields": {
      "parent": null,
      "dataset": "79066c4c-9987-404d-8ace-93c3cacc9292",
      "publisher": "0d7fd4e5-2a90-46cd-bc3b-b2dc1f500c6b",
      "name": "Open NCI Database",
      "description": "NCI database",
      "href": null,
      "classification": "public",
      "status": "active",
      "version": "0",
      "released": null,
      "downloaded": "2022-02-01",
      "added": "2022-09-18T17:43:57.296Z",
      "modified": "2022-09-18T17:43:57.298Z",
      "record_uri_pattern": []
    }
  },
  {
    "model": "resolver.release",
    "pk": "7ed34390-cafe-443b-8106-9ca9ca2b5ccb",
    "fields": {
      "parent": null,
      "dataset": "ae8550c3-40a4-495d-8681-0a030f292ff4",
      "publisher": "bdc9fe69-9a82-4681-bf95-5f8f511559aa",
      "name": "PubChem Compound",
      "description": "PubChem Compound database",
      "href": null,
      "classification": "public",
      "status": "active",
      "version": "0",
      "released": null,
      "downloaded": "2022-02-01",
      "added": "2022-09-18T17:43:57.240Z",
      "modified": "2022-09-18T17:43:57.242Z",
      "record_uri_pattern": []
    }
  },
  {
    "model": "resolver.release",
    "pk": "c154a1be-9ee2-477a-83ee-748612c3106c",
    "fields": {
      "parent": null,
      "dataset": "c416d7c5-e47d-4d72-a192-4c2e2169ea4c",
      "publisher": "7f2d2f5f-9883-4046-82a3-2e8d5b390b55",
      "name": "",
      "description": "ChEMBL database",
      "href": null,
      "classification": "public",
      "status": "active",
      "version": "29",
      "released": null,
      "downloaded": "2022-02-01",
      "added": "2022-09-18T17:43:57.274Z",
      "modified": "2022-09-18T17:43:57.276Z",
      "record_uri_pattern": []
    }
  },
  {
    "model": "resolver.release",
    "pk": "eedc9b66-ccd7-483c-91c0-736fbb711726",
    "fields": {
      "parent": null,
      "dataset": "ae8550c3-40a4-495d-8681-0a030f292ff4",
      "publisher": "bdc9fe69-9a82-4681-bf95-5f8f511559aa",
      "name": "PubChem Substance",
      "description": "PubChem Substance database",
      "href": null,
      "classification": "public",
      "status": "active",
      "version": "0",
      "released": null,
      "downloaded": "2022-02-01",
      "added": "2022-09-18T17:43:57.258Z",
      "modified": "2022-09-18T17:43:57.260Z",
      "record_uri_pattern": []
    }
  }
]