[
  {
    "model": "etl.structurefilecollectionpreprocessor",
    "pk": 1,
    "fields": {
      "name": "pubchem_ext_datasource",
      "params": {}
    }
  },
  {
    "model": "etl.structurefilecollectionpreprocessor",
    "pk": 2,
    "fields": {
      "name": "generic",
      "params": "{\"regids\": [\"PUBCHEM_COMPOUND_CID\"], \"names\": [{\"field\": \"PUBCHEM_IUPAC_OPENEYE_NAME\", \"type\": \"PUBCHEM_IUPAC_OPENEYE_NAME\"}, {\"field\": \"PUBCHEM_IUPAC_CAS_NAME\", \"type\": \"PUBCHEM_IUPAC_CAS_NAME\"}, {\"field\": \"PUBCHEM_IUPAC_NAME\", \"type\": \"PUBCHEM_IUPAC_NAME\"}, {\"field\": \"PUBCHEM_IUPAC_SYSTEMATIC_NAME\", \"type\": \"PUBCHEM_IUPAC_SYSTEMATIC_NAME\"}, {\"field\": \"PUBCHEM_IUPAC_TRADITIONAL_NAME\", \"type\": \"PUBCHEM_IUPAC_TRADITIONAL_NAME\"}]}"
    }
  },
  {
    "model": "etl.structurefilecollectionpreprocessor",
    "pk": 3,
    "fields": {
      "name": "generic",
      "params": "{\"regids\": [\"PUBCHEM_SUBSTANCE_ID\"], \"names\": [{\"field\": \"PUBCHEM_SUBSTANCE_SYNONYM\", \"type\": \"PUBCHEM_SUBSTANCE_SYNONYM\"}, {\"field\": \"PUBCHEM_GENERIC_REGISTRY_NAME\", \"type\": \"PUBCHEM_GENERIC_REGISTRY_NAME\"}]}"
    }
  },
  {
    "model": "etl.structurefilecollectionpreprocessor",
    "pk": 4,
    "fields": {
      "name": "generic",
      "params": "{\"regids\": [\"chembl_id\"], \"names\": []}"
    }
  },
  {
    "model": "etl.structurefilecollectionpreprocessor",
    "pk": 5,
    "fields": {
      "name": "generic",
      "params": "{\"regids\": [\"PUBCHEM_EXT_DATASOURCE_REGID\"], \"names\": [{\"field\": \"PUBCHEM_SUBSTANCE_SYNONYM\", \"type\": \"PUBCHEM_SUBSTANCE_SYNONYM\"}, {\"field\": \"PUBCHEM_GENERIC_REGISTRY_NAME\", \"type\": \"PUBCHEM_GENERIC_REGISTRY_NAME\"}]}"
    }
  },
  {
    "model": "etl.structurefilecollection",
    "pk": 1,
    "fields": {
      "release": "f297f437-1ba4-4be8-9752-228ddee6bb53",
      "file_location_pattern_string": "pubchem/compound/Compound_*.mini.sdf",
      "description": null,
      "added": "2022-09-17T15:16:10.247Z",
      "modified": "2022-09-17T15:16:10.253Z",
      "preprocessors": [
        1,
        2
      ]
    }
  },
  {
    "model": "etl.structurefilecollection",
    "pk": 2,
    "fields": {
      "release": "bb4f3f04-0890-473b-a75e-bb7b202aea39",
      "file_location_pattern_string": "pubchem/substance/Substance_*.mini.sdf",
      "description": null,
      "added": "2022-09-17T15:16:10.265Z",
      "modified": "2022-09-17T15:16:10.270Z",
      "preprocessors": [
        1,
        3
      ]
    }
  },
  {
    "model": "etl.structurefilecollection",
    "pk": 3,
    "fields": {
      "release": "f8628580-c2cd-4603-a839-e689a6c2bd59",
      "file_location_pattern_string": "chembl/29/chembl_29.mini.sdf",
      "description": null,
      "added": "2022-09-17T15:16:10.281Z",
      "modified": "2022-09-17T15:16:10.286Z",
      "preprocessors": [
        4
      ]
    }
  },
  {
    "model": "etl.structurefilecollection",
    "pk": 4,
    "fields": {
      "release": "e6a3da61-2543-4cca-94f5-581064af023d",
      "file_location_pattern_string": "nci/NCI_DTP.mini.sdf",
      "description": null,
      "added": "2022-09-17T15:16:10.306Z",
      "modified": "2022-09-17T15:16:10.311Z",
      "preprocessors": [
        5
      ]
    }
  },
  {
    "model": "resolver.inchitype",
    "pk": "original",
    "fields": {
      "software_version": "('1.06',)",
      "description": "('InChI with FixedH layer and RecMet option',)",
      "is_standard": false,
      "newpsoff": false,
      "donotaddh": true,
      "snon": false,
      "srel": false,
      "srac": false,
      "sucf": false,
      "suu": false,
      "sluud": false,
      "recmet": true,
      "fixedh": true,
      "ket": false,
      "t15": false,
      "pt_22_00": false,
      "pt_16_00": false,
      "pt_06_00": false,
      "pt_39_00": false,
      "pt_13_00": false,
      "pt_18_00": false,
      "added": "2022-09-17T15:16:10.320Z",
      "modified": "2022-09-17T15:16:10.321Z"
    }
  },
  {
    "model": "resolver.inchitype",
    "pk": "standard",
    "fields": {
      "software_version": "1.06",
      "description": "Standard InChI",
      "is_standard": true,
      "newpsoff": false,
      "donotaddh": true,
      "snon": false,
      "srel": false,
      "srac": false,
      "sucf": false,
      "suu": false,
      "sluud": false,
      "recmet": false,
      "fixedh": false,
      "ket": false,
      "t15": false,
      "pt_22_00": false,
      "pt_16_00": false,
      "pt_06_00": false,
      "pt_39_00": false,
      "pt_13_00": false,
      "pt_18_00": false,
      "added": "2022-09-17T15:16:10.314Z",
      "modified": "2022-09-17T15:16:10.316Z"
    }
  },
  {
    "model": "resolver.inchitype",
    "pk": "xtauto",
    "fields": {
      "software_version": "('1.06',)",
      "description": "experimental InChI with FixedH layer, RecMet option and experimental tauto optionsKET and T15 options set",
      "is_standard": false,
      "newpsoff": false,
      "donotaddh": true,
      "snon": false,
      "srel": false,
      "srac": false,
      "sucf": false,
      "suu": false,
      "sluud": false,
      "recmet": true,
      "fixedh": true,
      "ket": true,
      "t15": true,
      "pt_22_00": false,
      "pt_16_00": false,
      "pt_06_00": false,
      "pt_39_00": false,
      "pt_13_00": false,
      "pt_18_00": false,
      "added": "2022-09-17T15:16:10.324Z",
      "modified": "2022-09-17T15:16:10.325Z"
    }
  },
  {
    "model": "resolver.inchitype",
    "pk": "xtautox",
    "fields": {
      "software_version": "('1.06T',)",
      "description": "('experimental InChI with FixedH layer, RecMet option and experimental tauto options KET, T15 including NCI tautomer options set',)",
      "is_standard": false,
      "newpsoff": false,
      "donotaddh": true,
      "snon": false,
      "srel": false,
      "srac": false,
      "sucf": false,
      "suu": false,
      "sluud": false,
      "recmet": true,
      "fixedh": true,
      "ket": true,
      "t15": true,
      "pt_22_00": true,
      "pt_16_00": true,
      "pt_06_00": true,
      "pt_39_00": true,
      "pt_13_00": true,
      "pt_18_00": true,
      "added": "2022-09-17T15:16:10.328Z",
      "modified": "2022-09-17T15:16:10.329Z"
    }
  },
  {
    "model": "resolver.nametype",
    "pk": "NAME",
    "fields": {
      "parent": null,
      "public_string": null,
      "description": null
    }
  },
  {
    "model": "resolver.nametype",
    "pk": "NSC_NUMBER",
    "fields": {
      "parent": null,
      "public_string": "REGID",
      "description": null
    }
  },
  {
    "model": "resolver.nametype",
    "pk": "NSC_NUMBER_PREFIXED",
    "fields": {
      "parent": null,
      "public_string": "REGID",
      "description": null
    }
  },
  {
    "model": "resolver.nametype",
    "pk": "PUBCHEM_CID",
    "fields": {
      "parent": null,
      "public_string": "REGID",
      "description": null
    }
  },
  {
    "model": "resolver.nametype",
    "pk": "PUBCHEM_GENERIC_REGISTRY_NAME",
    "fields": {
      "parent": null,
      "public_string": "NAME",
      "description": null
    }
  },
  {
    "model": "resolver.nametype",
    "pk": "PUBCHEM_IUPAC_CAS_NAME",
    "fields": {
      "parent": null,
      "public_string": "NAME",
      "description": null
    }
  },
  {
    "model": "resolver.nametype",
    "pk": "PUBCHEM_IUPAC_NAME",
    "fields": {
      "parent": null,
      "public_string": "NAME",
      "description": null
    }
  },
  {
    "model": "resolver.nametype",
    "pk": "PUBCHEM_IUPAC_OPENEYE_NAME",
    "fields": {
      "parent": null,
      "public_string": "NAME",
      "description": null
    }
  },
  {
    "model": "resolver.nametype",
    "pk": "PUBCHEM_IUPAC_SYSTEMATIC_NAME",
    "fields": {
      "parent": null,
      "public_string": "NAME",
      "description": null
    }
  },
  {
    "model": "resolver.nametype",
    "pk": "PUBCHEM_IUPAC_TRADITIONAL_NAME",
    "fields": {
      "parent": null,
      "public_string": "NAME",
      "description": null
    }
  },
  {
    "model": "resolver.nametype",
    "pk": "PUBCHEM_SID",
    "fields": {
      "parent": null,
      "public_string": "REGID",
      "description": null
    }
  },
  {
    "model": "resolver.nametype",
    "pk": "PUBCHEM_SUBSTANCE_SYNONYM",
    "fields": {
      "parent": null,
      "public_string": "NAME",
      "description": null
    }
  },
  {
    "model": "resolver.nametype",
    "pk": "REGID",
    "fields": {
      "parent": null,
      "public_string": null,
      "description": null
    }
  },
  {
    "model": "resolver.organization",
    "pk": "02133055-e626-4b61-afd2-a78e5675c982",
    "fields": {
      "parent": null,
      "name": "FIZ Karlsruhe – Leibniz-Institut für Informationsinfrastruktur",
      "abbreviation": "FIZ Karlsruhe",
      "category": "public",
      "href": "https://www.fiz-karlsruhe.de",
      "added": "2022-09-17T15:16:10.162Z",
      "modified": "2022-09-17T15:16:10.164Z"
    }
  },
  {
    "model": "resolver.organization",
    "pk": "2a28a7a5-899a-4590-a18f-a4b0025eb2a3",
    "fields": {
      "parent": null,
      "name": "U.S. National Institutes of Health",
      "abbreviation": "NIH",
      "category": "government",
      "href": "https://www.nih.gov",
      "added": "2022-09-17T15:16:10.145Z",
      "modified": "2022-09-17T15:16:10.147Z"
    }
  },
  {
    "model": "resolver.organization",
    "pk": "32a7feee-af71-410b-96d5-e2491d47a197",
    "fields": {
      "parent": "bcbc71a4-7698-4591-91a5-8946c573b5a1",
      "name": "U.S. National Center for Biotechnology Information",
      "abbreviation": "NCBI",
      "category": "government",
      "href": "https://www.ncbi.nlm.nih.gov",
      "added": "2022-09-17T15:16:10.159Z",
      "modified": "2022-09-17T15:16:10.160Z"
    }
  },
  {
    "model": "resolver.organization",
    "pk": "53e92a85-064d-4cc0-acc2-b5e67341d3b1",
    "fields": {
      "parent": null,
      "name": "European Molecular Biology Laboratory",
      "abbreviation": "EMBL",
      "category": "public",
      "href": "https://www.embl.org/",
      "added": "2022-09-17T15:16:10.167Z",
      "modified": "2022-09-17T15:16:10.168Z"
    }
  },
  {
    "model": "resolver.organization",
    "pk": "aebb2688-9d12-4afb-9b77-62d8aae5b1a1",
    "fields": {
      "parent": "2a28a7a5-899a-4590-a18f-a4b0025eb2a3",
      "name": "U.S. National Cancer Institute",
      "abbreviation": "NCI",
      "category": "government",
      "href": "https://www.cancer.gov",
      "added": "2022-09-17T15:16:10.151Z",
      "modified": "2022-09-17T15:16:10.152Z"
    }
  },
  {
    "model": "resolver.organization",
    "pk": "bcbc71a4-7698-4591-91a5-8946c573b5a1",
    "fields": {
      "parent": "2a28a7a5-899a-4590-a18f-a4b0025eb2a3",
      "name": "U.S. National Library of Medicine",
      "abbreviation": "NLM",
      "category": "government",
      "href": "https://www.nlm.nih.gov",
      "added": "2022-09-17T15:16:10.155Z",
      "modified": "2022-09-17T15:16:10.156Z"
    }
  },
  {
    "model": "resolver.organization",
    "pk": "efdb0f38-c0ec-4c9d-9dc0-a7456e5d1beb",
    "fields": {
      "parent": "53e92a85-064d-4cc0-acc2-b5e67341d3b1",
      "name": "EMBL's European Bioinformatics Institute",
      "abbreviation": "EMBL-EBI",
      "category": "public",
      "href": "https://www.ebi.ac.uk/",
      "added": "2022-09-17T15:16:10.171Z",
      "modified": "2022-09-17T15:16:10.172Z"
    }
  },
  {
    "model": "resolver.publisher",
    "pk": "15d8bb9a-a737-4ce7-a1b7-6dc38e9dfc75",
    "fields": {
      "parent": null,
      "category": "person",
      "name": "Markus Sitzmann",
      "description": null,
      "email": "markus.sitzmann@gmail.com",
      "address": null,
      "href": null,
      "orcid": "https://orcid.org/0000-0001-5346-1298",
      "added": "2022-09-17T15:16:10.188Z",
      "modified": "2022-09-17T15:16:10.190Z",
      "organizations": []
    }
  },
  {
    "model": "resolver.publisher",
    "pk": "5d21ec10-b828-4ffa-a046-550b4d590131",
    "fields": {
      "parent": "6f2620d9-0b43-453c-954d-2d23d6d0582d",
      "category": "person",
      "name": "Marc Nicklaus",
      "description": null,
      "email": "mn1ahelix@gmail.com",
      "address": "Frederick, MD 21702-1201, USA",
      "href": "https://ccr.cancer.gov/staff-directory/marc-c-nicklaus",
      "orcid": "https://orcid.org/0000-0002-4775-7030",
      "added": "2022-09-17T15:16:10.183Z",
      "modified": "2022-09-17T15:16:10.186Z",
      "organizations": [
        "2a28a7a5-899a-4590-a18f-a4b0025eb2a3",
        "aebb2688-9d12-4afb-9b77-62d8aae5b1a1"
      ]
    }
  },
  {
    "model": "resolver.publisher",
    "pk": "6f2620d9-0b43-453c-954d-2d23d6d0582d",
    "fields": {
      "parent": null,
      "category": "group",
      "name": "NCI Computer-Aided Drug Design (CADD) Group",
      "description": null,
      "email": null,
      "address": "Frederick, MD 21702-1201, USA",
      "href": "https://cactus.nci.nih.gov",
      "orcid": null,
      "added": "2022-09-17T15:16:10.175Z",
      "modified": "2022-09-17T15:16:10.179Z",
      "organizations": [
        "2a28a7a5-899a-4590-a18f-a4b0025eb2a3",
        "aebb2688-9d12-4afb-9b77-62d8aae5b1a1"
      ]
    }
  },
  {
    "model": "resolver.publisher",
    "pk": "b136c5fb-3e6b-4e00-a8c4-9d2809eaff8c",
    "fields": {
      "parent": null,
      "category": "division",
      "name": "DTP/NCI",
      "description": null,
      "email": null,
      "address": null,
      "href": "https://dtp.cancer.gov/",
      "orcid": null,
      "added": "2022-09-17T15:16:10.203Z",
      "modified": "2022-09-17T15:16:10.206Z",
      "organizations": [
        "2a28a7a5-899a-4590-a18f-a4b0025eb2a3",
        "aebb2688-9d12-4afb-9b77-62d8aae5b1a1"
      ]
    }
  },
  {
    "model": "resolver.publisher",
    "pk": "b6f32797-f76d-4aa0-bd11-ba0ff57df17c",
    "fields": {
      "parent": null,
      "category": "division",
      "name": "PubChem",
      "description": null,
      "email": "pubchem-help@ncbi.nlm.nih.gov",
      "address": "8600 Rockville Pike; Bethesda, MD  20894; USA",
      "href": "https://pubchemdocs.ncbi.nlm.nih.gov/contact",
      "orcid": null,
      "added": "2022-09-17T15:16:10.192Z",
      "modified": "2022-09-17T15:16:10.195Z",
      "organizations": [
        "32a7feee-af71-410b-96d5-e2491d47a197",
        "bcbc71a4-7698-4591-91a5-8946c573b5a1"
      ]
    }
  },
  {
    "model": "resolver.publisher",
    "pk": "d69be330-f345-4a2c-9d85-ffbb9d6205ec",
    "fields": {
      "parent": null,
      "category": "group",
      "name": "ChEMBL Team",
      "description": null,
      "email": null,
      "address": null,
      "href": "https://chembl.gitbook.io/chembl-interface-documentation/about",
      "orcid": null,
      "added": "2022-09-17T15:16:10.198Z",
      "modified": "2022-09-17T15:16:10.201Z",
      "organizations": [
        "53e92a85-064d-4cc0-acc2-b5e67341d3b1",
        "efdb0f38-c0ec-4c9d-9dc0-a7456e5d1beb"
      ]
    }
  },
  {
    "model": "resolver.contexttag",
    "pk": 1,
    "fields": {
      "tag": "other",
      "description": null
    }
  },
  {
    "model": "resolver.contexttag",
    "pk": 2,
    "fields": {
      "tag": "screening",
      "description": null
    }
  },
  {
    "model": "resolver.contexttag",
    "pk": 3,
    "fields": {
      "tag": "building blocks",
      "description": null
    }
  },
  {
    "model": "resolver.contexttag",
    "pk": 4,
    "fields": {
      "tag": "toxicology",
      "description": null
    }
  },
  {
    "model": "resolver.contexttag",
    "pk": 5,
    "fields": {
      "tag": "environmental",
      "description": null
    }
  },
  {
    "model": "resolver.contexttag",
    "pk": 6,
    "fields": {
      "tag": "patent",
      "description": null
    }
  },
  {
    "model": "resolver.contexttag",
    "pk": 7,
    "fields": {
      "tag": "journal",
      "description": null
    }
  },
  {
    "model": "resolver.contexttag",
    "pk": 8,
    "fields": {
      "tag": "literature",
      "description": null
    }
  },
  {
    "model": "resolver.contexttag",
    "pk": 9,
    "fields": {
      "tag": "natural product",
      "description": null
    }
  },
  {
    "model": "resolver.contexttag",
    "pk": 10,
    "fields": {
      "tag": "imaging",
      "description": null
    }
  },
  {
    "model": "resolver.contexttag",
    "pk": 11,
    "fields": {
      "tag": "contrast agent",
      "description": null
    }
  },
  {
    "model": "resolver.contexttag",
    "pk": 12,
    "fields": {
      "tag": "meta",
      "description": null
    }
  },
  {
    "model": "resolver.contexttag",
    "pk": 13,
    "fields": {
      "tag": "vendor",
      "description": null
    }
  },
  {
    "model": "resolver.contexttag",
    "pk": 14,
    "fields": {
      "tag": "drug",
      "description": null
    }
  },
  {
    "model": "resolver.contexttag",
    "pk": 15,
    "fields": {
      "tag": "SAR",
      "description": null
    }
  },
  {
    "model": "resolver.contexttag",
    "pk": 16,
    "fields": {
      "tag": "QSAR",
      "description": null
    }
  },
  {
    "model": "resolver.contexttag",
    "pk": 17,
    "fields": {
      "tag": "physicochemical property",
      "description": null
    }
  },
  {
    "model": "resolver.contexttag",
    "pk": 18,
    "fields": {
      "tag": "ligand",
      "description": null
    }
  },
  {
    "model": "resolver.contexttag",
    "pk": 19,
    "fields": {
      "tag": "small molecule",
      "description": null
    }
  },
  {
    "model": "resolver.contexttag",
    "pk": 20,
    "fields": {
      "tag": "crystal-structure",
      "description": null
    }
  },
  {
    "model": "resolver.dataset",
    "pk": "00c90e36-712d-452b-96d7-f3fb7dc239e0",
    "fields": {
      "name": "PubChem",
      "href": "https://pubchem.ncbi.nlm.nih.gov/",
      "description": "PubChem is an open chemistry database at the National Institutes of Health (NIH)",
      "publisher": "b6f32797-f76d-4aa0-bd11-ba0ff57df17c",
      "added": "2022-09-17T15:16:10.210Z",
      "modified": "2022-09-17T15:16:10.216Z",
      "context_tags": [
        12
      ]
    }
  },
  {
    "model": "resolver.dataset",
    "pk": "0bf69c6b-e0ca-4f6a-83fa-ec83a5115b86",
    "fields": {
      "name": "DTP/NCI",
      "href": "https://dtp.cancer.gov/",
      "description": "NCI database",
      "publisher": "b136c5fb-3e6b-4e00-a8c4-9d2809eaff8c",
      "added": "2022-09-17T15:16:10.227Z",
      "modified": "2022-09-17T15:16:10.231Z",
      "context_tags": [
        2
      ]
    }
  },
  {
    "model": "resolver.dataset",
    "pk": "8a6aae41-af6d-498b-aa50-e74cdae6c80d",
    "fields": {
      "name": "ChEMBL",
      "href": "https://www.ebi.ac.uk/chembl/",
      "description": "ChEMBL is a manually curated database of bioactive molecules with drug-like properties",
      "publisher": "d69be330-f345-4a2c-9d85-ffbb9d6205ec",
      "added": "2022-09-17T15:16:10.219Z",
      "modified": "2022-09-17T15:16:10.223Z",
      "context_tags": [
        14
      ]
    }
  },
  {
    "model": "resolver.release",
    "pk": "bb4f3f04-0890-473b-a75e-bb7b202aea39",
    "fields": {
      "parent": null,
      "dataset": "00c90e36-712d-452b-96d7-f3fb7dc239e0",
      "publisher": "b6f32797-f76d-4aa0-bd11-ba0ff57df17c",
      "name": "PubChem Substance",
      "description": "PubChem Substance database",
      "href": null,
      "classification": "public",
      "status": "active",
      "version": "0",
      "released": null,
      "downloaded": "2022-02-01",
      "added": "2022-09-17T15:16:10.260Z",
      "modified": "2022-09-17T15:16:10.262Z",
      "record_uri_pattern": []
    }
  },
  {
    "model": "resolver.release",
    "pk": "e69a4708-8d10-4369-9724-88c59847c3ca",
    "fields": {
      "parent": null,
      "dataset": "0bf69c6b-e0ca-4f6a-83fa-ec83a5115b86",
      "publisher": "b6f32797-f76d-4aa0-bd11-ba0ff57df17c",
      "name": "DTP/NCI",
      "description": "NCI database",
      "href": null,
      "classification": "public",
      "status": "active",
      "version": "0",
      "released": null,
      "downloaded": "2022-02-01",
      "added": "2022-09-17T15:16:10.294Z",
      "modified": "2022-09-17T15:16:10.295Z",
      "record_uri_pattern": []
    }
  },
  {
    "model": "resolver.release",
    "pk": "e6a3da61-2543-4cca-94f5-581064af023d",
    "fields": {
      "parent": null,
      "dataset": "0bf69c6b-e0ca-4f6a-83fa-ec83a5115b86",
      "publisher": "6f2620d9-0b43-453c-954d-2d23d6d0582d",
      "name": "Open NCI Database",
      "description": "NCI database",
      "href": null,
      "classification": "public",
      "status": "active",
      "version": "0",
      "released": null,
      "downloaded": "2022-02-01",
      "added": "2022-09-17T15:16:10.302Z",
      "modified": "2022-09-17T15:16:10.303Z",
      "record_uri_pattern": []
    }
  },
  {
    "model": "resolver.release",
    "pk": "f297f437-1ba4-4be8-9752-228ddee6bb53",
    "fields": {
      "parent": null,
      "dataset": "00c90e36-712d-452b-96d7-f3fb7dc239e0",
      "publisher": "b6f32797-f76d-4aa0-bd11-ba0ff57df17c",
      "name": "PubChem Compound",
      "description": "PubChem Compound database",
      "href": null,
      "classification": "public",
      "status": "active",
      "version": "0",
      "released": null,
      "downloaded": "2022-02-01",
      "added": "2022-09-17T15:16:10.243Z",
      "modified": "2022-09-17T15:16:10.245Z",
      "record_uri_pattern": []
    }
  },
  {
    "model": "resolver.release",
    "pk": "f8628580-c2cd-4603-a839-e689a6c2bd59",
    "fields": {
      "parent": null,
      "dataset": "8a6aae41-af6d-498b-aa50-e74cdae6c80d",
      "publisher": "d69be330-f345-4a2c-9d85-ffbb9d6205ec",
      "name": "",
      "description": "ChEMBL database",
      "href": null,
      "classification": "public",
      "status": "active",
      "version": "29",
      "released": null,
      "downloaded": "2022-02-01",
      "added": "2022-09-17T15:16:10.277Z",
      "modified": "2022-09-17T15:16:10.279Z",
      "record_uri_pattern": []
    }
  }
]