[{"model": "structure.responsetype", "pk": 1, "fields": {"parent_type": null, "url": "ficts", "method": "prop", "parameter": "E_FICTS_ID", "base_mime_type": "text"}}, {"model": "structure.responsetype", "pk": 2, "fields": {"parent_type": null, "url": "ficus", "method": "prop", "parameter": "E_FICUS_ID", "base_mime_type": "text"}}, {"model": "structure.responsetype", "pk": 3, "fields": {"parent_type": null, "url": "fictu", "method": "prop", "parameter": "E_FICTU_ID", "base_mime_type": "text"}}, {"model": "structure.responsetype", "pk": 4, "fields": {"parent_type": null, "url": "ficuu", "method": "prop", "parameter": "E_FICUU_ID", "base_mime_type": "text"}}, {"model": "structure.responsetype", "pk": 5, "fields": {"parent_type": null, "url": "uuuts", "method": "prop", "parameter": "E_UUUTS_ID", "base_mime_type": "text"}}, {"model": "structure.responsetype", "pk": 6, "fields": {"parent_type": null, "url": "uuuus", "method": "prop", "parameter": "E_UUUUS_ID", "base_mime_type": "text"}}, {"model": "structure.responsetype", "pk": 7, "fields": {"parent_type": null, "url": "uuutu", "method": "prop", "parameter": "E_UUUTU_ID", "base_mime_type": "text"}}, {"model": "structure.responsetype", "pk": 8, "fields": {"parent_type": null, "url": "uuuuu", "method": "prop", "parameter": "E_UUUUU_ID", "base_mime_type": "text"}}, {"model": "structure.responsetype", "pk": 9, "fields": {"parent_type": 1, "url": "ficts_structure", "method": "prop", "parameter": "E_FICTS_STRUCTURE", "base_mime_type": "text"}}, {"model": "structure.responsetype", "pk": 10, "fields": {"parent_type": 2, "url": "ficus_structure", "method": "prop", "parameter": "E_FICUS_STRUCTURE", "base_mime_type": "text"}}, {"model": "structure.responsetype", "pk": 11, "fields": {"parent_type": 3, "url": "fictu_structure", "method": "prop", "parameter": "E_FICTU_STRUCTURE", "base_mime_type": "text"}}, {"model": "structure.responsetype", "pk": 12, "fields": {"parent_type": 4, "url": "ficuu_structure", "method": "prop", "parameter": "E_FICUU_STRUCTURE", "base_mime_type": "text"}}, {"model": "structure.responsetype", "pk": 13, "fields": {"parent_type": 5, "url": "uuuts_structure", "method": "prop", "parameter": "E_UUUTS_STRUCTURE", "base_mime_type": "text"}}, {"model": "structure.responsetype", "pk": 14, "fields": {"parent_type": 6, "url": "uuuus_structure", "method": "prop", "parameter": "E_UUUUS_STRUCTURE", "base_mime_type": "text"}}, {"model": "structure.responsetype", "pk": 15, "fields": {"parent_type": 7, "url": "uuutu_structure", "method": "prop", "parameter": "E_UUUTU_STRUCTURE", "base_mime_type": "text"}}, {"model": "structure.responsetype", "pk": 16, "fields": {"parent_type": 8, "url": "uuuuu_structure", "method": "prop", "parameter": "E_UUUUU_STRUCTURE", "base_mime_type": "text"}}, {"model": "structure.responsetype", "pk": 17, "fields": {"parent_type": null, "url": "inchi", "method": "prop", "parameter": "E_INCHI", "base_mime_type": "text"}}, {"model": "structure.responsetype", "pk": 18, "fields": {"parent_type": 17, "url": "inchikey", "method": "prop", "parameter": "E_INCHIKEY", "base_mime_type": "text"}}, {"model": "structure.responsetype", "pk": 19, "fields": {"parent_type": null, "url": "smiles", "method": "prop", "parameter": "E_SMILES", "base_mime_type": "text"}}, {"model": "structure.responsetype", "pk": 20, "fields": {"parent_type": null, "url": "pack", "method": "prop", "parameter": "packstring", "base_mime_type": "text"}}, {"model": "structure.responsetype", "pk": 21, "fields": {"parent_type": null, "url": "names", "method": "names", "parameter": null, "base_mime_type": "text"}}, {"model": "structure.responsetype", "pk": 22, "fields": {"parent_type": null, "url": "cas", "method": "cas", "parameter": null, "base_mime_type": "text"}}, {"model": "structure.responsetype", "pk": 23, "fields": {"parent_type": null, "url": "stdinchi", "method": "prop", "parameter": "E_STDINCHI", "base_mime_type": "text"}}, {"model": "structure.responsetype", "pk": 24, "fields": {"parent_type": 23, "url": "stdinchikey", "method": "prop", "parameter": "E_STDINCHIKEY", "base_mime_type": "text"}}, {"model": "structure.responsetype", "pk": 25, "fields": {"parent_type": null, "url": "image", "method": "prop", "parameter": "structure_image", "base_mime_type": "image"}}, {"model": "structure.responsetype", "pk": 26, "fields": {"parent_type": null, "url": "sdf", "method": "prop", "parameter": "E_MOLFILESTRING", "base_mime_type": "text"}}, {"model": "structure.responsetype", "pk": 27, "fields": {"parent_type": null, "url": "molfile", "method": "prop", "parameter": "E_MOLFILESTRING", "base_mime_type": "text"}}, {"model": "structure.responsetype", "pk": 28, "fields": {"parent_type": null, "url": "hashisy", "method": "prop", "parameter": "E_HASHISY", "base_mime_type": "text"}}, {"model": "structure.responsetype", "pk": 29, "fields": {"parent_type": null, "url": "gif", "method": "prop", "parameter": "structure_image", "base_mime_type": "image"}}, {"model": "structure.responsetype", "pk": 30, "fields": {"parent_type": null, "url": "iupac_name", "method": "iupac_name", "parameter": null, "base_mime_type": "text"}}, {"model": "structure.responsetype", "pk": 31, "fields": {"parent_type": null, "url": "file", "method": "molfilestring", "parameter": null, "base_mime_type": "text"}}, {"model": "structure.responsetype", "pk": 32, "fields": {"parent_type": null, "url": "twirl", "method": "twirl", "parameter": "E_MOLFILESTRING", "base_mime_type": "text"}}, {"model": "structure.responsetype", "pk": 33, "fields": {"parent_type": null, "url": "urls", "method": "urls", "parameter": null, "base_mime_type": "text"}}, {"model": "structure.responsetype", "pk": 34, "fields": {"parent_type": null, "url": "3d", "method": "twirl", "parameter": "E_MOLFILESTRING", "base_mime_type": "text"}}, {"model": "structure.responsetype", "pk": 35, "fields": {"parent_type": null, "url": "weight", "method": "prop", "parameter": "E_WEIGHT", "base_mime_type": "text"}}, {"model": "structure.responsetype", "pk": 36, "fields": {"parent_type": null, "url": "mw", "method": "prop", "parameter": "E_WEIGHT", "base_mime_type": "text"}}, {"model": "structure.responsetype", "pk": 37, "fields": {"parent_type": null, "url": "formula", "method": "prop", "parameter": "E_FORMULA", "base_mime_type": "text"}}, {"model": "structure.responsetype", "pk": 38, "fields": {"parent_type": null, "url": "monoisotopic_mass", "method": "prop", "parameter": "E_MONOISOTOPIC_MASS", "base_mime_type": "text"}}, {"model": "structure.responsetype", "pk": 39, "fields": {"parent_type": null, "url": "h_bond_donor_count", "method": "prop", "parameter": "E_NHDONORS", "base_mime_type": "text"}}, {"model": "structure.responsetype", "pk": 40, "fields": {"parent_type": null, "url": "h_bond_acceptor_count", "method": "prop", "parameter": "E_NHACCEPTORS", "base_mime_type": "text"}}, {"model": "structure.responsetype", "pk": 41, "fields": {"parent_type": null, "url": "effective_rotor_count", "method": "prop", "parameter": "E_EFFECTIVE_ROTOR_COUNT", "base_mime_type": "text"}}, {"model": "structure.responsetype", "pk": 42, "fields": {"parent_type": null, "url": "xlogp2", "method": "prop", "parameter": "E_XLOGP2", "base_mime_type": "text"}}, {"model": "structure.responsetype", "pk": 43, "fields": {"parent_type": null, "url": "rule_of_5_violation_count", "method": "prop", "parameter": "E_RULE_OF_5_VIOLATIONS", "base_mime_type": "text"}}, {"model": "structure.responsetype", "pk": 44, "fields": {"parent_type": null, "url": "h_bond_center_count", "method": "prop", "parameter": "E_HYDROGEN_BOND_CENTER_COUNT", "base_mime_type": "text"}}, {"model": "structure.responsetype", "pk": 45, "fields": {"parent_type": null, "url": "chemspider_id", "method": "chemspider_id", "parameter": null, "base_mime_type": "text"}}, {"model": "structure.responsetype", "pk": 46, "fields": {"parent_type": null, "url": "rotor_count", "method": "prop", "parameter": "E_ROTOR_COUNT", "base_mime_type": "text"}}, {"model": "structure.responsetype", "pk": 47, "fields": {"parent_type": null, "url": "aromatic", "method": "prop", "parameter": "E_IS_AROMATIC", "base_mime_type": "text"}}, {"model": "structure.responsetype", "pk": 48, "fields": {"parent_type": null, "url": "macrocyclic", "method": "prop", "parameter": "E_IS_MACROCYCLIC", "base_mime_type": "text"}}, {"model": "structure.responsetype", "pk": 49, "fields": {"parent_type": null, "url": "is_aromatic", "method": "prop", "parameter": "E_IS_AROMATIC", "base_mime_type": "text"}}, {"model": "structure.responsetype", "pk": 50, "fields": {"parent_type": null, "url": "is_macrocyclic", "method": "prop", "parameter": "E_IS_MACROCYCLIC", "base_mime_type": "text"}}, {"model": "structure.responsetype", "pk": 51, "fields": {"parent_type": null, "url": "heteroatom_count", "method": "prop", "parameter": "E_HETERO_ATOM_COUNT", "base_mime_type": "text"}}, {"model": "structure.responsetype", "pk": 52, "fields": {"parent_type": null, "url": "hydrogen_atom_count", "method": "prop", "parameter": "E_HYDROGEN_ATOM_COUNT", "base_mime_type": "text"}}, {"model": "structure.responsetype", "pk": 53, "fields": {"parent_type": null, "url": "heavy_atom_count", "method": "prop", "parameter": "E_HEAVY_ATOM_COUNT", "base_mime_type": "text"}}, {"model": "structure.responsetype", "pk": 54, "fields": {"parent_type": null, "url": "deprotonable_group_count", "method": "prop", "parameter": "E_DEPROTONABLE_GROUP_COUNT", "base_mime_type": "text"}}, {"model": "structure.responsetype", "pk": 55, "fields": {"parent_type": null, "url": "protonable_group_count", "method": "prop", "parameter": "E_PROTONABLE_GROUP_COUNT", "base_mime_type": "text"}}, {"model": "structure.responsetype", "pk": 56, "fields": {"parent_type": null, "url": "ring_count", "method": "prop", "parameter": "E_RING_COUNT", "base_mime_type": "text"}}, {"model": "structure.responsetype", "pk": 57, "fields": {"parent_type": null, "url": "ringsys_count", "method": "prop", "parameter": "E_RINGSYS_COUNT", "base_mime_type": "text"}}, {"model": "structure.responsetype", "pk": 58, "fields": {"parent_type": null, "url": "ncicadd_sid", "method": "ncicadd_structure_id", "parameter": null, "base_mime_type": "text"}}, {"model": "structure.responsetype", "pk": 59, "fields": {"parent_type": null, "url": "ncicadd_cid", "method": "ncicadd_compound_id", "parameter": null, "base_mime_type": "text"}}, {"model": "structure.responsetype", "pk": 60, "fields": {"parent_type": null, "url": "ncicadd_rid", "method": "ncicadd_record_id", "parameter": null, "base_mime_type": "text"}}, {"model": "structure.responsetype", "pk": 61, "fields": {"parent_type": null, "url": "chemnavigator_sid", "method": "chemnavigator_sid", "parameter": null, "base_mime_type": "text"}}, {"model": "structure.responsetype", "pk": 62, "fields": {"parent_type": null, "url": "pubchem_sid", "method": "pubchem_sid", "parameter": null, "base_mime_type": "text"}}, {"model": "structure.responsetype", "pk": 63, "fields": {"parent_type": null, "url": "emolecules_vid", "method": "emolecules_vid", "parameter": null, "base_mime_type": "text"}}, {"model": "structure.responsetype", "pk": 64, "fields": {"parent_type": null, "url": "emolecules_id", "method": "emolecules_vid", "parameter": null, "base_mime_type": "text"}}, {"model": "structure.responsetype", "pk": 65, "fields": {"parent_type": null, "url": "zinc_id", "method": "zinc_id", "parameter": null, "base_mime_type": "text"}}, {"model": "structure.responsetype", "pk": 66, "fields": {"parent_type": null, "url": "zinc_code", "method": "zinc_id", "parameter": null, "base_mime_type": "text"}}, {"model": "structure.responsetype", "pk": 67, "fields": {"parent_type": null, "url": "zinc", "method": "zinc_id", "parameter": null, "base_mime_type": "text"}}, {"model": "structure.responsetype", "pk": 68, "fields": {"parent_type": null, "url": "chemnavigator_id", "method": "chemnavigator_sid", "parameter": null, "base_mime_type": "text"}}, {"model": "structure.responsetype", "pk": 69, "fields": {"parent_type": null, "url": "nsc_number", "method": "nsc_number", "parameter": null, "base_mime_type": "text"}}, {"model": "structure.responsetype", "pk": 70, "fields": {"parent_type": null, "url": "nsc", "method": "nsc_number", "parameter": null, "base_mime_type": "text"}}, {"model": "resolver.structure", "pk": 1, "fields": {"hashisy_key": "1AD375920BE60DAD", "minimol": "FBBABEj5HZVWC7gVBR0mFDADjgAbYI8ZISYLGu3HBaxGJ0KiKSJ0ShgBUCwSEE8T2XIHEdXVDQIbCQ4AU0wKIaHMChGWYggGUwgDDAQOSAAFBAYZ5XALDQgJQANUAHUBCBEAAA==", "added": "2023-04-30T09:14:31.683Z", "blocked": null, "entrypoints": []}}, {"model": "resolver.structure", "pk": 2, "fields": {"hashisy_key": "20A701AA27DA3574", "minimol": "EydAIsHwAy7B8AcTkQojIZQ3GjhrI5jRcFaEWWlzQBPQBiGkN1lJJhzM6BABJPgmuDsYAaSLEdBiEuWzFglZEgxcEf46DxNYcBlF+RQRXg4VFwkbAQzuIWHLBQQDEbxzIS3qCAFSFiPmNwsPGyXpHVmQHyL/cQoiBZZ1CCZJFARapwYIAQ0UDBZRCBOOARcTUAERAAA=", "added": "2023-04-30T09:14:31.683Z", "blocked": null, "entrypoints": []}}, {"model": "resolver.structure", "pk": 3, "fields": {"hashisy_key": "3DB0124A3ECF5ECE", "minimol": "EgwS0PElvmjDBia8aCQwbP0LABmNFwIRfi8EBV0wBgKrAgh1hAVU3BnlVgURAAA=", "added": "2023-04-30T09:14:31.683Z", "blocked": null, "entrypoints": []}}, {"model": "resolver.structure", "pk": 4, "fields": {"hashisy_key": "A09D4E8A1BAD8D53", "minimol": "EhRqK8ABK/UKDhusNiJtIosmLCLgoiZY4hABLXwzABoaEEQhbNUiwroAAhJpywEJTAsJswYiycwOEqSPIofVBBMASgMBBxEAAA==", "added": "2023-04-30T09:14:31.683Z", "blocked": null, "entrypoints": []}}, {"model": "resolver.structure", "pk": 5, "fields": {"hashisy_key": "E174572A915E4471", "minimol": "FAkAAh/U+B6UVhEliCP0CxNU8hNkfRnE/SE4vREAAA==", "added": "2023-04-30T09:14:31.683Z", "blocked": null, "entrypoints": []}}, {"model": "resolver.structure", "pk": 14, "fields": {"hashisy_key": "BCCDA7D0CDACF120", "minimol": "FBBABEj5HZVWC7gVAh0mFDADEspuI3sKKqoMKmhodgBJIidw4oTzHkUUDEBOBQYNDQoKDg4BWAkhWbsLEQbWBwhtigERyIkRdrQBDgEFBhlWPQoNaQENaAERAAA=", "added": "2023-04-30T09:19:33.192Z", "blocked": null, "entrypoints": []}}, {"model": "resolver.structure", "pk": 16, "fields": {"hashisy_key": "D76B88C0354759F1", "minimol": "FCdAChgBuLMowPAbSg0nNyNB2G8j3HpsVmFZCWVzQBPMBiGgN1VJJhzI6Cf0+P0AIBgBoIsRZHIhMEEhlbsVE/sWFg4SEvH8CRmtkwIR6cMACk4EDRGxfAUEAxG4cyEp6ggNURUj4DcbGekdTZAfIvNxCiIFiHUBCCYQF0UUBAQQEUv9BRQTSDoRTIGMASMcQhEAAA==", "added": "2023-04-30T09:19:33.192Z", "blocked": null, "entrypoints": []}}, {"model": "resolver.structurehashisy", "pk": 1, "fields": {"hashisy": "1AD375920BE60DAD"}}, {"model": "resolver.structurehashisy", "pk": 2, "fields": {"hashisy": "20A701AA27DA3574"}}, {"model": "resolver.structurehashisy", "pk": 3, "fields": {"hashisy": "3DB0124A3ECF5ECE"}}, {"model": "resolver.structurehashisy", "pk": 4, "fields": {"hashisy": "A09D4E8A1BAD8D53"}}, {"model": "resolver.structurehashisy", "pk": 5, "fields": {"hashisy": "E174572A915E4471"}}, {"model": "resolver.structurehashisy", "pk": 14, "fields": {"hashisy": "BCCDA7D0CDACF120"}}, {"model": "resolver.structurehashisy", "pk": 16, "fields": {"hashisy": "D76B88C0354759F1"}}, {"model": "resolver.structureparentstructure", "pk": 1, "fields": {"ficts_parent": 1, "ficus_parent": 14, "uuuuu_parent": 14}}, {"model": "resolver.structureparentstructure", "pk": 2, "fields": {"ficts_parent": 2, "ficus_parent": 16, "uuuuu_parent": 16}}, {"model": "resolver.structureparentstructure", "pk": 3, "fields": {"ficts_parent": 3, "ficus_parent": 3, "uuuuu_parent": 3}}, {"model": "resolver.structureparentstructure", "pk": 4, "fields": {"ficts_parent": 4, "ficus_parent": 4, "uuuuu_parent": 4}}, {"model": "resolver.structureparentstructure", "pk": 5, "fields": {"ficts_parent": 5, "ficus_parent": 5, "uuuuu_parent": 5}}, {"model": "resolver.structureparentstructure", "pk": 14, "fields": {"ficts_parent": null, "ficus_parent": 14, "uuuuu_parent": 14}}, {"model": "resolver.structureparentstructure", "pk": 16, "fields": {"ficts_parent": null, "ficus_parent": 16, "uuuuu_parent": 16}}, {"model": "resolver.inchi", "pk": 1, "fields": {"version": 1, "block1": "FQEPJUOLUDFINX", "block2": "UHFFFAOYNA", "block3": "N", "key": "FQEPJUOLUDFINX-UHFFFAOYNA-N", "string": "InChI=1/C19H16O4/c1-12(20)11-15(13-7-3-2-4-8-13)17-18(21)14-9-5-6-10-16(14)23-19(17)22/h2-10,15,17H,11H2,1H3", "added": "2023-04-30T09:19:46.871Z", "modified": "2023-04-30T09:19:46.871Z", "entrypoints": []}}, {"model": "resolver.inchi", "pk": 2, "fields": {"version": 1, "block1": "FQEPJUOLUDFINX", "block2": "UHFFFAOYSA", "block3": "N", "key": "FQEPJUOLUDFINX-UHFFFAOYSA-N", "string": "InChI=1S/C19H16O4/c1-12(20)11-15(13-7-3-2-4-8-13)17-18(21)14-9-5-6-10-16(14)23-19(17)22/h2-10,15,17H,11H2,1H3", "added": "2023-04-30T09:19:46.871Z", "modified": "2023-04-30T09:19:46.871Z", "entrypoints": []}}, {"model": "resolver.inchi", "pk": 3, "fields": {"version": 1, "block1": "LFQSCWFLJHTTHZ", "block2": "UHFFFAOYNA", "block3": "N", "key": "LFQSCWFLJHTTHZ-UHFFFAOYNA-N", "string": "InChI=1/C2H6O/c1-2-3/h3H,2H2,1H3", "added": "2023-04-30T09:19:46.871Z", "modified": "2023-04-30T09:19:46.871Z", "entrypoints": []}}, {"model": "resolver.inchi", "pk": 4, "fields": {"version": 1, "block1": "LFQSCWFLJHTTHZ", "block2": "UHFFFAOYSA", "block3": "N", "key": "LFQSCWFLJHTTHZ-UHFFFAOYSA-N", "string": "InChI=1S/C2H6O/c1-2-3/h3H,2H2,1H3", "added": "2023-04-30T09:19:46.871Z", "modified": "2023-04-30T09:19:46.871Z", "entrypoints": []}}, {"model": "resolver.inchi", "pk": 5, "fields": {"version": 1, "block1": "MACJUVQCBVFIIG", "block2": "UHFFFAOYNA", "block3": "N", "key": "MACJUVQCBVFIIG-UHFFFAOYNA-N", "string": "InChI=1/C5H5N5O/c6-5-9-3-2(4(11)10-5)7-1-8-3/h(H5,1,2,3,4,5,6,7,8,9,10,11)", "added": "2023-04-30T09:19:46.871Z", "modified": "2023-04-30T09:19:46.871Z", "entrypoints": []}}, {"model": "resolver.inchi", "pk": 6, "fields": {"version": 1, "block1": "OTGLYQANDXSLGV", "block2": "UHFFFAOYNA", "block3": "N", "key": "OTGLYQANDXSLGV-UHFFFAOYNA-N", "string": "InChI=1/C5H5N5O/c6-5-9-3-2(4(11)10-5)7-1-8-3/h1H,(H4,2,6,7,8,9,10,11)", "added": "2023-04-30T09:19:46.871Z", "modified": "2023-04-30T09:19:46.871Z", "entrypoints": []}}, {"model": "resolver.inchi", "pk": 7, "fields": {"version": 1, "block1": "QTXVAVXCBMYBJW", "block2": "UHFFFAOYNA", "block3": "N", "key": "QTXVAVXCBMYBJW-UHFFFAOYNA-N", "string": "InChI=1/C19H16O4/c1-12(20)11-15(13-7-3-2-4-8-13)17-18(21)14-9-5-6-10-16(14)23-19(17)22/h2-10,15,22H,11H2,1H3", "added": "2023-04-30T09:19:46.871Z", "modified": "2023-04-30T09:19:46.871Z", "entrypoints": []}}, {"model": "resolver.inchi", "pk": 8, "fields": {"version": 1, "block1": "QTXVAVXCBMYBJW", "block2": "UHFFFAOYSA", "block3": "N", "key": "QTXVAVXCBMYBJW-UHFFFAOYSA-N", "string": "InChI=1S/C19H16O4/c1-12(20)11-15(13-7-3-2-4-8-13)17-18(21)14-9-5-6-10-16(14)23-19(17)22/h2-10,15,22H,11H2,1H3", "added": "2023-04-30T09:19:46.871Z", "modified": "2023-04-30T09:19:46.871Z", "entrypoints": []}}, {"model": "resolver.inchi", "pk": 9, "fields": {"version": 1, "block1": "QYWNQMFLWBUZSW", "block2": "UHFFFAOYNA", "block3": "N", "key": "QYWNQMFLWBUZSW-UHFFFAOYNA-N", "string": "InChI=1/C19H16O4/c1-12(20)11-15(13-7-3-2-4-8-13)17-18(21)14-9-5-6-10-16(14)23-19(17)22/h2-10,15H,(H5,1,11,20)(H,17,21,22)", "added": "2023-04-30T09:19:46.871Z", "modified": "2023-04-30T09:19:46.871Z", "entrypoints": []}}, {"model": "resolver.inchi", "pk": 10, "fields": {"version": 1, "block1": "RZVAJINKPMORJF", "block2": "BGGKNDAXNA", "block3": "N", "key": "RZVAJINKPMORJF-BGGKNDAXNA-N", "string": "InChI=1/C8H9NO2/c1-6(10)9-7-2-4-8(11)5-3-7/h2-5,11H,1H3,(H,9,10)/f/h9H", "added": "2023-04-30T09:19:46.871Z", "modified": "2023-04-30T09:19:46.871Z", "entrypoints": []}}, {"model": "resolver.inchi", "pk": 11, "fields": {"version": 1, "block1": "RZVAJINKPMORJF", "block2": "UHFFFAOYSA", "block3": "N", "key": "RZVAJINKPMORJF-UHFFFAOYSA-N", "string": "InChI=1S/C8H9NO2/c1-6(10)9-7-2-4-8(11)5-3-7/h2-5,11H,1H3,(H,9,10)", "added": "2023-04-30T09:19:46.871Z", "modified": "2023-04-30T09:19:46.871Z", "entrypoints": []}}, {"model": "resolver.inchi", "pk": 12, "fields": {"version": 1, "block1": "SAYISSDYYDIVTP", "block2": "UHFFFAOYNA", "block3": "N", "key": "SAYISSDYYDIVTP-UHFFFAOYNA-N", "string": "InChI=1/C19H16O4/c1-12(20)11-15(13-7-3-2-4-8-13)17-18(21)14-9-5-6-10-16(14)23-19(17)22/h2-10,15H,1H3,(H2,11,20)(H,17,21,22)", "added": "2023-04-30T09:19:46.871Z", "modified": "2023-04-30T09:19:46.871Z", "entrypoints": []}}, {"model": "resolver.inchi", "pk": 13, "fields": {"version": 1, "block1": "UHOVQNZJYSORNB", "block2": "UHFFFAOYNA", "block3": "N", "key": "UHOVQNZJYSORNB-UHFFFAOYNA-N", "string": "InChI=1/C6H6/c1-2-4-6-5-3-1/h1-6H", "added": "2023-04-30T09:19:46.871Z", "modified": "2023-04-30T09:19:46.871Z", "entrypoints": []}}, {"model": "resolver.inchi", "pk": 14, "fields": {"version": 1, "block1": "UHOVQNZJYSORNB", "block2": "UHFFFAOYSA", "block3": "N", "key": "UHOVQNZJYSORNB-UHFFFAOYSA-N", "string": "InChI=1S/C6H6/c1-2-4-6-5-3-1/h1-6H", "added": "2023-04-30T09:19:46.871Z", "modified": "2023-04-30T09:19:46.871Z", "entrypoints": []}}, {"model": "resolver.inchi", "pk": 15, "fields": {"version": 1, "block1": "UYTPUPDQBNUYGX", "block2": "CQCWYMDMNA", "block3": "N", "key": "UYTPUPDQBNUYGX-CQCWYMDMNA-N", "string": "InChI=1/C5H5N5O/c6-5-9-3-2(4(11)10-5)7-1-8-3/h1H,(H4,6,7,8,9,10,11)/f/h7,10H,6H2", "added": "2023-04-30T09:19:46.871Z", "modified": "2023-04-30T09:19:46.871Z", "entrypoints": []}}, {"model": "resolver.inchi", "pk": 16, "fields": {"version": 1, "block1": "UYTPUPDQBNUYGX", "block2": "IQCGNDTDNA", "block3": "N", "key": "UYTPUPDQBNUYGX-IQCGNDTDNA-N", "string": "InChI=1/C5H5N5O/c6-5-9-3-2(4(11)10-5)7-1-8-3/h1H,(H4,6,7,8,9,10,11)/f/h7,11H,6H2", "added": "2023-04-30T09:19:46.871Z", "modified": "2023-04-30T09:19:46.871Z", "entrypoints": []}}, {"model": "resolver.inchi", "pk": 17, "fields": {"version": 1, "block1": "UYTPUPDQBNUYGX", "block2": "UHFFFAOYSA", "block3": "N", "key": "UYTPUPDQBNUYGX-UHFFFAOYSA-N", "string": "InChI=1S/C5H5N5O/c6-5-9-3-2(4(11)10-5)7-1-8-3/h1H,(H4,6,7,8,9,10,11)", "added": "2023-04-30T09:19:46.871Z", "modified": "2023-04-30T09:19:46.871Z", "entrypoints": []}}, {"model": "resolver.inchi", "pk": 18, "fields": {"version": 1, "block1": "WMUJEHZKXASYIC", "block2": "UHFFFAOYNA", "block3": "N", "key": "WMUJEHZKXASYIC-UHFFFAOYNA-N", "string": "InChI=1/C8H9NO2/c1-6(10)9-7-2-4-8(11)5-3-7/h2-3H,1H3,(H,9,10)(H3,4,5,11)", "added": "2023-04-30T09:19:46.871Z", "modified": "2023-04-30T09:19:46.871Z", "entrypoints": []}}, {"model": "resolver.inchi", "pk": 19, "fields": {"version": 1, "block1": "WQHNFUMGTCLQFP", "block2": "UHFFFAOYNA", "block3": "N", "key": "WQHNFUMGTCLQFP-UHFFFAOYNA-N", "string": "InChI=1/C8H9NO2/c1-6(10)9-7-2-4-8(11)5-3-7/h(H3,4,5,11)(H6,1,2,3,9,10)", "added": "2023-04-30T09:19:46.871Z", "modified": "2023-04-30T09:19:46.871Z", "entrypoints": []}}, {"model": "resolver.inchitype", "pk": 1, "fields": {"title": "standard", "software_version": "1.06", "description": "Standard InChI", "is_standard": true, "newpsoff": false, "donotaddh": true, "snon": false, "srel": false, "srac": false, "sucf": false, "suu": false, "sluud": false, "recmet": false, "fixedh": false, "ket": false, "t15": false, "pt_22_00": false, "pt_16_00": false, "pt_06_00": false, "pt_39_00": false, "pt_13_00": false, "pt_18_00": false, "added": "2023-04-30T09:13:10.464Z", "modified": "2023-04-30T09:13:10.466Z"}}, {"model": "resolver.inchitype", "pk": 2, "fields": {"title": "original", "software_version": "('1.06',)", "description": "('InChI with FixedH layer and RecMet option',)", "is_standard": false, "newpsoff": false, "donotaddh": true, "snon": false, "srel": false, "srac": false, "sucf": false, "suu": false, "sluud": false, "recmet": true, "fixedh": true, "ket": false, "t15": false, "pt_22_00": false, "pt_16_00": false, "pt_06_00": false, "pt_39_00": false, "pt_13_00": false, "pt_18_00": false, "added": "2023-04-30T09:13:10.469Z", "modified": "2023-04-30T09:13:10.470Z"}}, {"model": "resolver.inchitype", "pk": 3, "fields": {"title": "xtauto", "software_version": "('1.06',)", "description": "experimental InChI with FixedH layer, RecMet option and experimental tauto optionsKET and T15 options set", "is_standard": false, "newpsoff": false, "donotaddh": true, "snon": false, "srel": false, "srac": false, "sucf": false, "suu": false, "sluud": false, "recmet": true, "fixedh": true, "ket": true, "t15": true, "pt_22_00": false, "pt_16_00": false, "pt_06_00": false, "pt_39_00": false, "pt_13_00": false, "pt_18_00": false, "added": "2023-04-30T09:13:10.473Z", "modified": "2023-04-30T09:13:10.474Z"}}, {"model": "resolver.inchitype", "pk": 4, "fields": {"title": "xtautox", "software_version": "('1.06T',)", "description": "('experimental InChI with FixedH layer, RecMet option and experimental tauto options KET, T15 including NCI tautomer options set',)", "is_standard": false, "newpsoff": false, "donotaddh": true, "snon": false, "srel": false, "srac": false, "sucf": false, "suu": false, "sluud": false, "recmet": true, "fixedh": true, "ket": true, "t15": true, "pt_22_00": true, "pt_16_00": true, "pt_06_00": true, "pt_39_00": true, "pt_13_00": true, "pt_18_00": true, "added": "2023-04-30T09:13:10.477Z", "modified": "2023-04-30T09:13:10.479Z"}}, {"model": "resolver.structureinchiassociation", "pk": 1, "fields": {"structure": 16, "inchi": 1, "inchi_type": 2, "software_version": "1.06", "save_opt": "MA", "added": "2023-04-30T09:19:46.911Z", "modified": "2023-04-30T09:19:46.911Z"}}, {"model": "resolver.structureinchiassociation", "pk": 2, "fields": {"structure": 16, "inchi": 2, "inchi_type": 1, "software_version": "1.06", "save_opt": "", "added": "2023-04-30T09:19:46.911Z", "modified": "2023-04-30T09:19:46.911Z"}}, {"model": "resolver.structureinchiassociation", "pk": 3, "fields": {"structure": 5, "inchi": 3, "inchi_type": 2, "software_version": "1.06", "save_opt": "MA", "added": "2023-04-30T09:19:46.911Z", "modified": "2023-04-30T09:19:46.911Z"}}, {"model": "resolver.structureinchiassociation", "pk": 4, "fields": {"structure": 5, "inchi": 3, "inchi_type": 3, "software_version": "1.06", "save_opt": "ID", "added": "2023-04-30T09:19:46.911Z", "modified": "2023-04-30T09:19:46.911Z"}}, {"model": "resolver.structureinchiassociation", "pk": 5, "fields": {"structure": 5, "inchi": 3, "inchi_type": 4, "software_version": "1.06T", "save_opt": "ID", "added": "2023-04-30T09:19:46.911Z", "modified": "2023-04-30T09:19:46.911Z"}}, {"model": "resolver.structureinchiassociation", "pk": 6, "fields": {"structure": 5, "inchi": 4, "inchi_type": 1, "software_version": "1.06", "save_opt": "", "added": "2023-04-30T09:19:46.911Z", "modified": "2023-04-30T09:19:46.911Z"}}, {"model": "resolver.structureinchiassociation", "pk": 7, "fields": {"structure": 1, "inchi": 5, "inchi_type": 4, "software_version": "1.06T", "save_opt": "ID", "added": "2023-04-30T09:19:46.911Z", "modified": "2023-04-30T09:19:46.911Z"}}, {"model": "resolver.structureinchiassociation", "pk": 8, "fields": {"structure": 14, "inchi": 5, "inchi_type": 4, "software_version": "1.06T", "save_opt": "ID", "added": "2023-04-30T09:19:46.911Z", "modified": "2023-04-30T09:19:46.911Z"}}, {"model": "resolver.structureinchiassociation", "pk": 9, "fields": {"structure": 1, "inchi": 6, "inchi_type": 3, "software_version": "1.06", "save_opt": "ID", "added": "2023-04-30T09:19:46.911Z", "modified": "2023-04-30T09:19:46.911Z"}}, {"model": "resolver.structureinchiassociation", "pk": 10, "fields": {"structure": 14, "inchi": 6, "inchi_type": 3, "software_version": "1.06", "save_opt": "ID", "added": "2023-04-30T09:19:46.911Z", "modified": "2023-04-30T09:19:46.911Z"}}, {"model": "resolver.structureinchiassociation", "pk": 11, "fields": {"structure": 2, "inchi": 7, "inchi_type": 2, "software_version": "1.06", "save_opt": "MA", "added": "2023-04-30T09:19:46.911Z", "modified": "2023-04-30T09:19:46.911Z"}}, {"model": "resolver.structureinchiassociation", "pk": 12, "fields": {"structure": 2, "inchi": 8, "inchi_type": 1, "software_version": "1.06", "save_opt": "", "added": "2023-04-30T09:19:46.911Z", "modified": "2023-04-30T09:19:46.911Z"}}, {"model": "resolver.structureinchiassociation", "pk": 13, "fields": {"structure": 2, "inchi": 9, "inchi_type": 4, "software_version": "1.06T", "save_opt": "ID", "added": "2023-04-30T09:19:46.911Z", "modified": "2023-04-30T09:19:46.911Z"}}, {"model": "resolver.structureinchiassociation", "pk": 14, "fields": {"structure": 16, "inchi": 9, "inchi_type": 4, "software_version": "1.06T", "save_opt": "ID", "added": "2023-04-30T09:19:46.911Z", "modified": "2023-04-30T09:19:46.911Z"}}, {"model": "resolver.structureinchiassociation", "pk": 15, "fields": {"structure": 4, "inchi": 10, "inchi_type": 2, "software_version": "1.06", "save_opt": "MA", "added": "2023-04-30T09:19:46.911Z", "modified": "2023-04-30T09:19:46.911Z"}}, {"model": "resolver.structureinchiassociation", "pk": 16, "fields": {"structure": 4, "inchi": 11, "inchi_type": 1, "software_version": "1.06", "save_opt": "", "added": "2023-04-30T09:19:46.911Z", "modified": "2023-04-30T09:19:46.911Z"}}, {"model": "resolver.structureinchiassociation", "pk": 17, "fields": {"structure": 2, "inchi": 12, "inchi_type": 3, "software_version": "1.06", "save_opt": "ID", "added": "2023-04-30T09:19:46.911Z", "modified": "2023-04-30T09:19:46.911Z"}}, {"model": "resolver.structureinchiassociation", "pk": 18, "fields": {"structure": 16, "inchi": 12, "inchi_type": 3, "software_version": "1.06", "save_opt": "ID", "added": "2023-04-30T09:19:46.911Z", "modified": "2023-04-30T09:19:46.911Z"}}, {"model": "resolver.structureinchiassociation", "pk": 19, "fields": {"structure": 3, "inchi": 13, "inchi_type": 2, "software_version": "1.06", "save_opt": "MA", "added": "2023-04-30T09:19:46.911Z", "modified": "2023-04-30T09:19:46.911Z"}}, {"model": "resolver.structureinchiassociation", "pk": 20, "fields": {"structure": 3, "inchi": 13, "inchi_type": 3, "software_version": "1.06", "save_opt": "ID", "added": "2023-04-30T09:19:46.911Z", "modified": "2023-04-30T09:19:46.911Z"}}, {"model": "resolver.structureinchiassociation", "pk": 21, "fields": {"structure": 3, "inchi": 13, "inchi_type": 4, "software_version": "1.06T", "save_opt": "ID", "added": "2023-04-30T09:19:46.912Z", "modified": "2023-04-30T09:19:46.912Z"}}, {"model": "resolver.structureinchiassociation", "pk": 22, "fields": {"structure": 3, "inchi": 14, "inchi_type": 1, "software_version": "1.06", "save_opt": "", "added": "2023-04-30T09:19:46.912Z", "modified": "2023-04-30T09:19:46.912Z"}}, {"model": "resolver.structureinchiassociation", "pk": 23, "fields": {"structure": 1, "inchi": 15, "inchi_type": 2, "software_version": "1.06", "save_opt": "MA", "added": "2023-04-30T09:19:46.912Z", "modified": "2023-04-30T09:19:46.912Z"}}, {"model": "resolver.structureinchiassociation", "pk": 24, "fields": {"structure": 14, "inchi": 16, "inchi_type": 2, "software_version": "1.06", "save_opt": "MA", "added": "2023-04-30T09:19:46.912Z", "modified": "2023-04-30T09:19:46.912Z"}}, {"model": "resolver.structureinchiassociation", "pk": 25, "fields": {"structure": 1, "inchi": 17, "inchi_type": 1, "software_version": "1.06", "save_opt": "", "added": "2023-04-30T09:19:46.912Z", "modified": "2023-04-30T09:19:46.912Z"}}, {"model": "resolver.structureinchiassociation", "pk": 26, "fields": {"structure": 14, "inchi": 17, "inchi_type": 1, "software_version": "1.06", "save_opt": "", "added": "2023-04-30T09:19:46.912Z", "modified": "2023-04-30T09:19:46.912Z"}}, {"model": "resolver.structureinchiassociation", "pk": 27, "fields": {"structure": 4, "inchi": 18, "inchi_type": 3, "software_version": "1.06", "save_opt": "ID", "added": "2023-04-30T09:19:46.912Z", "modified": "2023-04-30T09:19:46.912Z"}}, {"model": "resolver.structureinchiassociation", "pk": 28, "fields": {"structure": 4, "inchi": 19, "inchi_type": 4, "software_version": "1.06T", "save_opt": "ID", "added": "2023-04-30T09:19:46.912Z", "modified": "2023-04-30T09:19:46.912Z"}}, {"model": "resolver.compound", "pk": 1, "fields": {"structure": 1, "added": "2023-04-30T09:19:33.218Z", "modified": "2023-04-30T09:19:33.218Z", "blocked": null}}, {"model": "resolver.compound", "pk": 2, "fields": {"structure": 2, "added": "2023-04-30T09:19:33.218Z", "modified": "2023-04-30T09:19:33.218Z", "blocked": null}}, {"model": "resolver.compound", "pk": 3, "fields": {"structure": 3, "added": "2023-04-30T09:19:33.218Z", "modified": "2023-04-30T09:19:33.218Z", "blocked": null}}, {"model": "resolver.compound", "pk": 4, "fields": {"structure": 4, "added": "2023-04-30T09:19:33.218Z", "modified": "2023-04-30T09:19:33.218Z", "blocked": null}}, {"model": "resolver.compound", "pk": 5, "fields": {"structure": 14, "added": "2023-04-30T09:19:33.218Z", "modified": "2023-04-30T09:19:33.218Z", "blocked": null}}, {"model": "resolver.compound", "pk": 6, "fields": {"structure": 16, "added": "2023-04-30T09:19:33.218Z", "modified": "2023-04-30T09:19:33.218Z", "blocked": null}}, {"model": "resolver.compound", "pk": 7, "fields": {"structure": 5, "added": "2023-04-30T09:19:33.218Z", "modified": "2023-04-30T09:19:33.218Z", "blocked": null}}, {"model": "resolver.record", "pk": 1, "fields": {"name": 2, "regid": "TEST-0", "version": 1, "release": 1, "dataset": 4, "structure_file_record": 1, "added": "2023-04-30T09:14:31.753Z", "modified": "2023-04-30T09:14:31.753Z"}}, {"model": "resolver.record", "pk": 2, "fields": {"name": 4, "regid": "TEST-1", "version": 1, "release": 1, "dataset": 4, "structure_file_record": 2, "added": "2023-04-30T09:14:31.753Z", "modified": "2023-04-30T09:14:31.753Z"}}, {"model": "resolver.record", "pk": 3, "fields": {"name": 1, "regid": "TEST-2", "version": 1, "release": 1, "dataset": 4, "structure_file_record": 3, "added": "2023-04-30T09:14:31.753Z", "modified": "2023-04-30T09:14:31.753Z"}}, {"model": "resolver.record", "pk": 4, "fields": {"name": 3, "regid": "TEST-3", "version": 1, "release": 1, "dataset": 4, "structure_file_record": 4, "added": "2023-04-30T09:14:31.753Z", "modified": "2023-04-30T09:14:31.753Z"}}, {"model": "resolver.record", "pk": 5, "fields": {"name": 5, "regid": "TEST-4", "version": 1, "release": 1, "dataset": 4, "structure_file_record": 5, "added": "2023-04-30T09:14:31.753Z", "modified": "2023-04-30T09:14:31.753Z"}}, {"model": "resolver.name", "pk": 1, "fields": {"name": "TEST-2"}}, {"model": "resolver.name", "pk": 2, "fields": {"name": "TEST-0"}}, {"model": "resolver.name", "pk": 3, "fields": {"name": "TEST-3"}}, {"model": "resolver.name", "pk": 4, "fields": {"name": "TEST-1"}}, {"model": "resolver.name", "pk": 5, "fields": {"name": "TEST-4"}}, {"model": "resolver.nametype", "pk": 1, "fields": {"title": "REGID", "parent": null, "public_string": "Registration ID", "description": null}}, {"model": "resolver.nametype", "pk": 2, "fields": {"title": "NAME", "parent": null, "public_string": "Chemical Name or Synonym", "description": null}}, {"model": "resolver.nametype", "pk": 3, "fields": {"title": "PUBCHEM_IUPAC_NAME", "parent": 2, "public_string": "PubChem IUPAC NAME", "description": null}}, {"model": "resolver.nametype", "pk": 4, "fields": {"title": "PUBCHEM_IUPAC_OPENEYE_NAME", "parent": 2, "public_string": "PubChem IUPAC OPENEYE NAME", "description": null}}, {"model": "resolver.nametype", "pk": 5, "fields": {"title": "PUBCHEM_IUPAC_CAS_NAME", "parent": 2, "public_string": "PubChem IUPAC CAS NAME", "description": null}}, {"model": "resolver.nametype", "pk": 6, "fields": {"title": "PUBCHEM_IUPAC_TRADITIONAL_NAME", "parent": 2, "public_string": "PubChem IUPAC TRADITIONAL NAME", "description": null}}, {"model": "resolver.nametype", "pk": 7, "fields": {"title": "PUBCHEM_IUPAC_SYSTEMATIC_NAME", "parent": 2, "public_string": "PubChem IUPAC SYSTEMATIC NAME", "description": null}}, {"model": "resolver.nametype", "pk": 8, "fields": {"title": "PUBCHEM_GENERIC_REGISTRY_NAME", "parent": 2, "public_string": "PubChem GENERIC REGISTRY NAME", "description": null}}, {"model": "resolver.nametype", "pk": 9, "fields": {"title": "PUBCHEM_SUBSTANCE_SYNONYM", "parent": 2, "public_string": "PubChem SUBSTANCE SYNONYM", "description": null}}, {"model": "resolver.nametype", "pk": 10, "fields": {"title": "NSC_NUMBER", "parent": 1, "public_string": "NSC number", "description": null}}, {"model": "resolver.nametype", "pk": 11, "fields": {"title": "NSC_NUMBER_PREFIXED", "parent": 1, "public_string": "NSC number prefixed", "description": null}}, {"model": "resolver.nametype", "pk": 12, "fields": {"title": "PUBCHEM_SID", "parent": 1, "public_string": "PubChem SID", "description": null}}, {"model": "resolver.nametype", "pk": 13, "fields": {"title": "PUBCHEM_CID", "parent": 1, "public_string": "PubChem CID", "description": null}}, {"model": "resolver.nameaffinityclass", "pk": 1, "fields": {"title": "exact", "description": "Exact"}}, {"model": "resolver.nameaffinityclass", "pk": 2, "fields": {"title": "narrow", "description": "Narrow"}}, {"model": "resolver.nameaffinityclass", "pk": 3, "fields": {"title": "broad", "description": "Broad"}}, {"model": "resolver.nameaffinityclass", "pk": 4, "fields": {"title": "unknown", "description": "Unknown"}}, {"model": "resolver.nameaffinityclass", "pk": 5, "fields": {"title": "unspecified", "description": "Unspecified"}}, {"model": "resolver.nameaffinityclass", "pk": 6, "fields": {"title": "generic", "description": "Generic"}}, {"model": "resolver.nameaffinityclass", "pk": 7, "fields": {"title": "related", "description": "Related"}}, {"model": "resolver.structurenameassociation", "pk": 1, "fields": {"name": 3, "structure": 1, "name_type": 1, "affinity_class": 1, "confidence": 100}}, {"model": "resolver.structurenameassociation", "pk": 2, "fields": {"name": 3, "structure": 14, "name_type": 1, "affinity_class": 2, "confidence": 100}}, {"model": "resolver.structurenameassociation", "pk": 3, "fields": {"name": 1, "structure": 2, "name_type": 1, "affinity_class": 1, "confidence": 100}}, {"model": "resolver.structurenameassociation", "pk": 4, "fields": {"name": 1, "structure": 16, "name_type": 1, "affinity_class": 2, "confidence": 100}}, {"model": "resolver.structurenameassociation", "pk": 5, "fields": {"name": 4, "structure": 3, "name_type": 1, "affinity_class": 1, "confidence": 100}}, {"model": "resolver.structurenameassociation", "pk": 6, "fields": {"name": 5, "structure": 4, "name_type": 1, "affinity_class": 1, "confidence": 100}}, {"model": "resolver.structurenameassociation", "pk": 7, "fields": {"name": 2, "structure": 5, "name_type": 1, "affinity_class": 1, "confidence": 100}}, {"model": "resolver.organization", "pk": 1, "fields": {"parent": null, "name": "U.S. National Institutes of Health", "abbreviation": "NIH", "category": "government", "href": "https://www.nih.gov", "added": "2023-04-30T09:13:10.332Z", "modified": "2023-04-30T09:13:10.334Z"}}, {"model": "resolver.organization", "pk": 2, "fields": {"parent": 1, "name": "U.S. National Cancer Institute", "abbreviation": "NCI", "category": "government", "href": "https://www.cancer.gov", "added": "2023-04-30T09:13:10.336Z", "modified": "2023-04-30T09:13:10.337Z"}}, {"model": "resolver.organization", "pk": 3, "fields": {"parent": 1, "name": "U.S. National Library of Medicine", "abbreviation": "NLM", "category": "government", "href": "https://www.nlm.nih.gov", "added": "2023-04-30T09:13:10.340Z", "modified": "2023-04-30T09:13:10.342Z"}}, {"model": "resolver.organization", "pk": 4, "fields": {"parent": 3, "name": "U.S. National Center for Biotechnology Information", "abbreviation": "NCBI", "category": "government", "href": "https://www.ncbi.nlm.nih.gov", "added": "2023-04-30T09:13:10.345Z", "modified": "2023-04-30T09:13:10.347Z"}}, {"model": "resolver.organization", "pk": 5, "fields": {"parent": null, "name": "FIZ Karlsruhe – Leibniz-Institut für Informationsinfrastruktur", "abbreviation": "FIZ Karlsruhe", "category": "public", "href": "https://www.fiz-karlsruhe.de", "added": "2023-04-30T09:13:10.350Z", "modified": "2023-04-30T09:13:10.352Z"}}, {"model": "resolver.organization", "pk": 6, "fields": {"parent": null, "name": "European Molecular Biology Laboratory", "abbreviation": "EMBL", "category": "public", "href": "https://www.embl.org/", "added": "2023-04-30T09:13:10.354Z", "modified": "2023-04-30T09:13:10.355Z"}}, {"model": "resolver.organization", "pk": 7, "fields": {"parent": 6, "name": "EMBL's European Bioinformatics Institute", "abbreviation": "EMBL-EBI", "category": "public", "href": "https://www.ebi.ac.uk/", "added": "2023-04-30T09:13:10.357Z", "modified": "2023-04-30T09:13:10.358Z"}}, {"model": "resolver.publisher", "pk": 1, "fields": {"parent": null, "category": "group", "name": "NCI Computer-Aided Drug Design (CADD) Group", "description": null, "email": null, "address": "Frederick, MD 21702-1201, USA", "href": "https://cactus.nci.nih.gov", "orcid": null, "added": "2023-04-30T09:13:10.361Z", "modified": "2023-04-30T09:13:10.365Z", "organizations": [1, 2]}}, {"model": "resolver.publisher", "pk": 2, "fields": {"parent": 1, "category": "person", "name": "Marc Nicklaus", "description": null, "email": "mn1ahelix@gmail.com", "address": "Frederick, MD 21702-1201, USA", "href": "https://ccr.cancer.gov/staff-directory/marc-c-nicklaus", "orcid": "https://orcid.org/0000-0002-4775-7030", "added": "2023-04-30T09:13:10.368Z", "modified": "2023-04-30T09:13:10.371Z", "organizations": [1, 2]}}, {"model": "resolver.publisher", "pk": 3, "fields": {"parent": null, "category": "person", "name": "Markus Sitzmann", "description": null, "email": "markus.sitzmann@gmail.com", "address": null, "href": null, "orcid": "https://orcid.org/0000-0001-5346-1298", "added": "2023-04-30T09:13:10.373Z", "modified": "2023-04-30T09:13:10.374Z", "organizations": []}}, {"model": "resolver.publisher", "pk": 4, "fields": {"parent": null, "category": "division", "name": "PubChem", "description": null, "email": "pubchem-help@ncbi.nlm.nih.gov", "address": "8600 Rockville Pike; Bethesda, MD  20894; USA", "href": "https://pubchemdocs.ncbi.nlm.nih.gov/contact", "orcid": null, "added": "2023-04-30T09:13:10.377Z", "modified": "2023-04-30T09:13:10.380Z", "organizations": [3, 4]}}, {"model": "resolver.publisher", "pk": 5, "fields": {"parent": null, "category": "group", "name": "ChEMBL Team", "description": null, "email": null, "address": null, "href": "https://chembl.gitbook.io/chembl-interface-documentation/about", "orcid": null, "added": "2023-04-30T09:13:10.383Z", "modified": "2023-04-30T09:13:10.386Z", "organizations": [6, 7]}}, {"model": "resolver.publisher", "pk": 6, "fields": {"parent": null, "category": "division", "name": "DTP/NCI", "description": null, "email": null, "address": null, "href": "https://dtp.cancer.gov/", "orcid": null, "added": "2023-04-30T09:13:10.390Z", "modified": "2023-04-30T09:13:10.393Z", "organizations": [1, 2]}}, {"model": "resolver.contexttag", "pk": 1, "fields": {"tag": "other", "description": null}}, {"model": "resolver.contexttag", "pk": 2, "fields": {"tag": "screening", "description": null}}, {"model": "resolver.contexttag", "pk": 3, "fields": {"tag": "building blocks", "description": null}}, {"model": "resolver.contexttag", "pk": 4, "fields": {"tag": "toxicology", "description": null}}, {"model": "resolver.contexttag", "pk": 5, "fields": {"tag": "environmental", "description": null}}, {"model": "resolver.contexttag", "pk": 6, "fields": {"tag": "patent", "description": null}}, {"model": "resolver.contexttag", "pk": 7, "fields": {"tag": "journal", "description": null}}, {"model": "resolver.contexttag", "pk": 8, "fields": {"tag": "literature", "description": null}}, {"model": "resolver.contexttag", "pk": 9, "fields": {"tag": "natural product", "description": null}}, {"model": "resolver.contexttag", "pk": 10, "fields": {"tag": "imaging", "description": null}}, {"model": "resolver.contexttag", "pk": 11, "fields": {"tag": "contrast agent", "description": null}}, {"model": "resolver.contexttag", "pk": 12, "fields": {"tag": "meta", "description": null}}, {"model": "resolver.contexttag", "pk": 13, "fields": {"tag": "vendor", "description": null}}, {"model": "resolver.contexttag", "pk": 14, "fields": {"tag": "drug", "description": null}}, {"model": "resolver.contexttag", "pk": 15, "fields": {"tag": "SAR", "description": null}}, {"model": "resolver.contexttag", "pk": 16, "fields": {"tag": "QSAR", "description": null}}, {"model": "resolver.contexttag", "pk": 17, "fields": {"tag": "physicochemical property", "description": null}}, {"model": "resolver.contexttag", "pk": 18, "fields": {"tag": "ligand", "description": null}}, {"model": "resolver.contexttag", "pk": 19, "fields": {"tag": "small molecule", "description": null}}, {"model": "resolver.contexttag", "pk": 20, "fields": {"tag": "crystal-structure", "description": null}}, {"model": "resolver.dataset", "pk": 1, "fields": {"name": "PubChem", "href": "https://pubchem.ncbi.nlm.nih.gov/", "description": "PubChem is an open chemistry database at the National Institutes of Health (NIH)", "publisher": 4, "added": "2023-04-30T09:13:10.398Z", "modified": "2023-04-30T09:13:10.403Z", "context_tags": [12]}}, {"model": "resolver.dataset", "pk": 2, "fields": {"name": "ChEMBL", "href": "https://www.ebi.ac.uk/chembl/", "description": "ChEMBL is a manually curated database of bioactive molecules with drug-like properties", "publisher": 5, "added": "2023-04-30T09:13:10.409Z", "modified": "2023-04-30T09:13:10.417Z", "context_tags": [14]}}, {"model": "resolver.dataset", "pk": 3, "fields": {"name": "DTP/NCI", "href": "https://dtp.cancer.gov/", "description": "NCI database", "publisher": 6, "added": "2023-04-30T09:13:10.422Z", "modified": "2023-04-30T09:13:10.426Z", "context_tags": [2]}}, {"model": "resolver.dataset", "pk": 4, "fields": {"name": "SANDBOX", "href": "https://sandbox.test/", "description": "sandbox", "publisher": 3, "added": "2023-04-30T09:13:10.432Z", "modified": "2023-04-30T09:13:10.437Z", "context_tags": [2]}}, {"model": "resolver.release", "pk": 1, "fields": {"parent": null, "dataset": 4, "publisher": 3, "name": "Sandbox Release", "description": "Sandbox", "href": null, "classification": "public", "status": "active", "version": "0", "released": null, "downloaded": "2023-05-01", "added": "2023-04-30T09:13:10.449Z", "modified": "2023-04-30T09:13:10.451Z", "record_uri_pattern": []}}, {"model": "etl.structurefilecollectionpreprocessor", "pk": 1, "fields": {"name": "pubchem_ext_datasource", "params": {}}}, {"model": "etl.structurefilecollectionpreprocessor", "pk": 2, "fields": {"name": "generic", "params": "{\"regid\": {\"field\": \"E_MDL_NAME\", \"type\": \"REGID\"}, \"names\": [{\"field\": \"NAME\", \"type\": \"NAME\"}, {\"field\": \"SYNONYM\", \"type\": \"NAME\"}]}"}}, {"model": "etl.structurefilecollection", "pk": 1, "fields": {"release": 1, "file_location_pattern_string": "sandbox/structures.sdf", "description": null, "added": "2023-04-30T09:13:10.455Z", "modified": "2023-04-30T09:13:10.460Z", "preprocessors": [2]}}, {"model": "etl.structurefile", "pk": 1, "fields": {"collection": 1, "file": "/filestore/sandbox/structures.sdf", "count": 5, "added": "2023-04-30T09:14:31.333Z", "modified": "2023-04-30T09:14:31.499Z"}}, {"model": "etl.structurefilenormalizationstatus", "pk": 1, "fields": {"updated": "2023-04-30T09:19:33.231Z", "progress": 1.0}}, {"model": "etl.structurecalcinchistatus", "pk": 1, "fields": {"updated": "2023-04-30T09:19:46.929Z", "progress": 1.0}}, {"model": "etl.structurefilelinknamestatus", "pk": 1, "fields": {"updated": "2023-04-30T09:19:58.344Z", "progress": 1.0}}, {"model": "etl.structurefilerecord", "pk": 1, "fields": {"structure_file": 1, "structure": 5, "number": 1, "added": "2023-04-30T09:14:31.724Z", "modified": "2023-04-30T09:14:31.724Z", "processed": null}}, {"model": "etl.structurefilerecord", "pk": 2, "fields": {"structure_file": 1, "structure": 3, "number": 2, "added": "2023-04-30T09:14:31.724Z", "modified": "2023-04-30T09:14:31.724Z", "processed": null}}, {"model": "etl.structurefilerecord", "pk": 3, "fields": {"structure_file": 1, "structure": 2, "number": 3, "added": "2023-04-30T09:14:31.724Z", "modified": "2023-04-30T09:14:31.724Z", "processed": null}}, {"model": "etl.structurefilerecord", "pk": 4, "fields": {"structure_file": 1, "structure": 1, "number": 4, "added": "2023-04-30T09:14:31.724Z", "modified": "2023-04-30T09:14:31.724Z", "processed": null}}, {"model": "etl.structurefilerecord", "pk": 5, "fields": {"structure_file": 1, "structure": 4, "number": 5, "added": "2023-04-30T09:14:31.724Z", "modified": "2023-04-30T09:14:31.724Z", "processed": null}}, {"model": "etl.structurefilerecordnameassociation", "pk": 1, "fields": {"name": 2, "structure_file_record": 1, "name_type": 1}}, {"model": "etl.structurefilerecordnameassociation", "pk": 2, "fields": {"name": 4, "structure_file_record": 2, "name_type": 1}}, {"model": "etl.structurefilerecordnameassociation", "pk": 3, "fields": {"name": 1, "structure_file_record": 3, "name_type": 1}}, {"model": "etl.structurefilerecordnameassociation", "pk": 4, "fields": {"name": 3, "structure_file_record": 4, "name_type": 1}}, {"model": "etl.structurefilerecordnameassociation", "pk": 5, "fields": {"name": 5, "structure_file_record": 5, "name_type": 1}}, {"model": "etl.structurefilesource", "pk": 1, "fields": {"structure_file": 1}}, {"model": "etl.structurefilesource", "pk": 2, "fields": {"structure_file": 1}}, {"model": "etl.structurefilesource", "pk": 3, "fields": {"structure_file": 1}}, {"model": "etl.structurefilesource", "pk": 4, "fields": {"structure_file": 1}}, {"model": "etl.structurefilesource", "pk": 5, "fields": {"structure_file": 1}}, {"model": "etl.structurefilesource", "pk": 14, "fields": {"structure_file": 1}}, {"model": "etl.structurefilesource", "pk": 16, "fields": {"structure_file": 1}}]