[
  {
    "model": "structure.structure2",
    "pk": 1,
    "fields": {
      "hashisy": "E174572A915E4471",
      "minimol": "FAkAAh/U+B6UVhEliCP0CxNU8hNkfRnE/SE4vREAAA=="
    }
  },
  {
    "model": "structure.structure2",
    "pk": 2,
    "fields": {
      "hashisy": "3DB0124A3ECF5ECE",
      "minimol": "EgwS0PElvmjDBia8aCQwbP0LABmNFwIRfi8EBV0wBgKrAgh1hAVU3BnlVgURAAA="
    }
  },
  {
    "model": "structure.structure2",
    "pk": 3,
    "fields": {
      "hashisy": "20A701AA27DA3574",
      "minimol": "EydAIsHwAy7B8AcTkQojIZQ3GjhrI5jRcFaEWWlzQBPQBiGkN1lJJhzM6BABJPgmuDsYAaSLEdBiIRgiXXAJUbsNEXE8DyN1NxBJRwIRC3EDAQRYkRFdAAIRvHMhLeoIAVIWI+Y3DwsbJekdWZAfIv9xCiIFlHUipDdFBQEMD00FAgwWEQ29E1QAEYn9BUQBEQAA"
    }
  },
  {
    "model": "structure.structure2",
    "pk": 4,
    "fields": {
      "hashisy": "1AD375920BE60DAD",
      "minimol": "FBBABEj5HZVWC7gVBR0mFDADjgAbYI8ZISYLGu3HBaxGJ0KiKSJ0ShgBUCwiAEYT2XIHEdXVDQIbCQ4AU0wKIaHMChGWYggGUwgDDAQOSAAFBAgRGVMIDAcZ/HBoAX0ACBEAAA=="
    }
  },
  {
    "model": "structure.structure2",
    "pk": 5,
    "fields": {
      "hashisy": "A09D4E8A1BAD8D53",
      "minimol": "EhRqK8ABK/UKDhusNiJtIosmLCLgoiZY4hABLHwR5vMICQlqBwB9I3FvAiLQvRFMZl5ZDAYhycwOEqSPIofVBBMHUgMDAREAAA=="
    }
  },
  {
    "model": "structure.structure2",
    "pk": 6,
    "fields": {
      "hashisy": "7EADF90967D28C06",
      "minimol": "EhhYdR6hfAMVmfwDDisbG3WOJkL3gkhRVQqYVxtQ/3SOQAIqaggrCJQNcwIEBgshNcwIBBwRGfkNWJ4RgH4R+ZQHCEUi5swBEBkAqRFhfAAT9icDFwwLEf58BwhZaAloAX0ABxEAAA=="
    }
  },
  {
    "model": "structure.inchi",
    "pk": "355d05f1-acdf-520f-9bc0-bfbdea4a302c",
    "fields": {
      "version": 1,
      "version_string": "",
      "block1": "UHOVQNZJYSORNB",
      "block2": "UHFFFAOYSA",
      "block3": "N",
      "key": "UHOVQNZJYSORNB-UHFFFAOYSA-N",
      "string": "InChI=1S/C6H6/c1-2-4-6-5-3-1/h1-6H",
      "is_standard": true,
      "safe_options": null,
      "added": "2021-12-10T23:04:06.539Z",
      "modified": "2021-12-10T23:04:06.539Z"
    }
  },
  {
    "model": "structure.inchi",
    "pk": "516c16f7-0451-5bc5-8bf4-affb3c694f28",
    "fields": {
      "version": 1,
      "version_string": "",
      "block1": "RZVAJINKPMORJF",
      "block2": "UHFFFAOYSA",
      "block3": "N",
      "key": "RZVAJINKPMORJF-UHFFFAOYSA-N",
      "string": "InChI=1S/C8H9NO2/c1-6(10)9-7-2-4-8(11)5-3-7/h2-5,11H,1H3,(H,9,10)",
      "is_standard": true,
      "safe_options": null,
      "added": "2021-12-10T23:04:11.239Z",
      "modified": "2021-12-10T23:04:11.239Z"
    }
  },
  {
    "model": "structure.inchi",
    "pk": "d661653a-af13-5cd0-89df-60d474b6fc13",
    "fields": {
      "version": 1,
      "version_string": "",
      "block1": "LFQSCWFLJHTTHZ",
      "block2": "UHFFFAOYSA",
      "block3": "N",
      "key": "LFQSCWFLJHTTHZ-UHFFFAOYSA-N",
      "string": "InChI=1S/C2H6O/c1-2-3/h3H,2H2,1H3",
      "is_standard": true,
      "safe_options": null,
      "added": "2021-12-10T23:04:05.632Z",
      "modified": "2021-12-10T23:04:05.632Z"
    }
  },
  {
    "model": "structure.inchi",
    "pk": "d710429f-4a77-58ec-bd79-f515134adb77",
    "fields": {
      "version": 1,
      "version_string": "",
      "block1": "RYYVLZVUVIJVGH",
      "block2": "UHFFFAOYSA",
      "block3": "N",
      "key": "RYYVLZVUVIJVGH-UHFFFAOYSA-N",
      "string": "InChI=1S/C8H10N4O2/c1-10-4-9-6-5(10)7(13)12(3)8(14)11(6)2/h4H,1-3H3",
      "is_standard": true,
      "safe_options": null,
      "added": "2022-01-18T15:07:40.093Z",
      "modified": "2022-01-18T15:07:40.093Z"
    }
  },
  {
    "model": "structure.inchi",
    "pk": "eab33807-4d74-5ed1-8c8f-096374af47f3",
    "fields": {
      "version": 1,
      "version_string": "",
      "block1": "UYTPUPDQBNUYGX",
      "block2": "UHFFFAOYSA",
      "block3": "N",
      "key": "UYTPUPDQBNUYGX-UHFFFAOYSA-N",
      "string": "InChI=1S/C5H5N5O/c6-5-9-3-2(4(11)10-5)7-1-8-3/h1H,(H4,6,7,8,9,10,11)",
      "is_standard": true,
      "safe_options": null,
      "added": "2021-12-10T23:04:10.422Z",
      "modified": "2021-12-10T23:04:10.422Z"
    }
  },
  {
    "model": "structure.inchi",
    "pk": "f97cbedc-4f41-53ec-b8b8-53dfe450ca46",
    "fields": {
      "version": 1,
      "version_string": "",
      "block1": "QTXVAVXCBMYBJW",
      "block2": "UHFFFAOYSA",
      "block3": "N",
      "key": "QTXVAVXCBMYBJW-UHFFFAOYSA-N",
      "string": "InChI=1S/C19H16O4/c1-12(20)11-15(13-7-3-2-4-8-13)17-18(21)14-9-5-6-10-16(14)23-19(17)22/h2-10,15,22H,11H2,1H3",
      "is_standard": true,
      "safe_options": null,
      "added": "2021-12-10T23:04:07.420Z",
      "modified": "2021-12-10T23:04:07.420Z"
    }
  },
  {
    "model": "structure.structureinchis",
    "pk": 1,
    "fields": {
      "structure": 1,
      "inchi": "d661653a-af13-5cd0-89df-60d474b6fc13"
    }
  },
  {
    "model": "structure.structureinchis",
    "pk": 2,
    "fields": {
      "structure": 2,
      "inchi": "355d05f1-acdf-520f-9bc0-bfbdea4a302c"
    }
  },
  {
    "model": "structure.structureinchis",
    "pk": 3,
    "fields": {
      "structure": 3,
      "inchi": "f97cbedc-4f41-53ec-b8b8-53dfe450ca46"
    }
  },
  {
    "model": "structure.structureinchis",
    "pk": 4,
    "fields": {
      "structure": 4,
      "inchi": "eab33807-4d74-5ed1-8c8f-096374af47f3"
    }
  },
  {
    "model": "structure.structureinchis",
    "pk": 5,
    "fields": {
      "structure": 5,
      "inchi": "516c16f7-0451-5bc5-8bf4-affb3c694f28"
    }
  },
  {
    "model": "structure.structureinchis",
    "pk": 6,
    "fields": {
      "structure": 6,
      "inchi": "d710429f-4a77-58ec-bd79-f515134adb77"
    }
  },
  {
    "model": "structure.name",
    "pk": 1,
    "fields": {
      "name": "ethanol"
    }
  },
  {
    "model": "structure.name",
    "pk": 2,
    "fields": {
      "name": "benzene"
    }
  },
  {
    "model": "structure.name",
    "pk": 3,
    "fields": {
      "name": "warfarin"
    }
  },
  {
    "model": "structure.name",
    "pk": 4,
    "fields": {
      "name": "guanine"
    }
  },
  {
    "model": "structure.name",
    "pk": 5,
    "fields": {
      "name": "tylenol"
    }
  },
  {
    "model": "structure.name",
    "pk": 6,
    "fields": {
      "name": "caffeine"
    }
  },
  {
    "model": "structure.structurename",
    "pk": 1,
    "fields": {
      "name": 1,
      "structure": 1,
      "name_type": 7
    }
  },
  {
    "model": "structure.structurename",
    "pk": 2,
    "fields": {
      "name": 2,
      "structure": 2,
      "name_type": 7
    }
  },
  {
    "model": "structure.structurename",
    "pk": 3,
    "fields": {
      "name": 3,
      "structure": 3,
      "name_type": 7
    }
  },
  {
    "model": "structure.structurename",
    "pk": 4,
    "fields": {
      "name": 4,
      "structure": 4,
      "name_type": 7
    }
  },
  {
    "model": "structure.structurename",
    "pk": 5,
    "fields": {
      "name": 5,
      "structure": 5,
      "name_type": 7
    }
  },
  {
    "model": "structure.structurename",
    "pk": 6,
    "fields": {
      "name": 6,
      "structure": 6,
      "name_type": 7
    }
  },
  {
    "model": "structure.nametype",
    "pk": 1,
    "fields": {
      "string": "PUBCHEM_IUPAC_NAME"
    }
  },
  {
    "model": "structure.nametype",
    "pk": 2,
    "fields": {
      "string": "PUBCHEM_IUPAC_OPENEYE_NAME"
    }
  },
  {
    "model": "structure.nametype",
    "pk": 3,
    "fields": {
      "string": "PUBCHEM_IUPAC_CAS_NAME"
    }
  },
  {
    "model": "structure.nametype",
    "pk": 4,
    "fields": {
      "string": "PUBCHEM_IUPAC_TRADITIONAL_NAME"
    }
  },
  {
    "model": "structure.nametype",
    "pk": 5,
    "fields": {
      "string": "PUBCHEM_IUPAC_SYSTEMATIC_NAME"
    }
  },
  {
    "model": "structure.nametype",
    "pk": 6,
    "fields": {
      "string": "PUBCHEM_GENERIC_REGISTRY_NAME"
    }
  },
  {
    "model": "structure.nametype",
    "pk": 7,
    "fields": {
      "string": "PUBCHEM_SUBSTANCE_SYNONYM"
    }
  },
  {
    "model": "structure.responsetype",
    "pk": 1,
    "fields": {
      "parent_type": null,
      "url": "ficts",
      "method": "prop",
      "parameter": "E_FICTS_ID",
      "base_mime_type": "text"
    }
  },
  {
    "model": "structure.responsetype",
    "pk": 2,
    "fields": {
      "parent_type": null,
      "url": "ficus",
      "method": "prop",
      "parameter": "E_FICUS_ID",
      "base_mime_type": "text"
    }
  },
  {
    "model": "structure.responsetype",
    "pk": 3,
    "fields": {
      "parent_type": null,
      "url": "fictu",
      "method": "prop",
      "parameter": "E_FICTU_ID",
      "base_mime_type": "text"
    }
  },
  {
    "model": "structure.responsetype",
    "pk": 4,
    "fields": {
      "parent_type": null,
      "url": "ficuu",
      "method": "prop",
      "parameter": "E_FICUU_ID",
      "base_mime_type": "text"
    }
  },
  {
    "model": "structure.responsetype",
    "pk": 5,
    "fields": {
      "parent_type": null,
      "url": "uuuts",
      "method": "prop",
      "parameter": "E_UUUTS_ID",
      "base_mime_type": "text"
    }
  },
  {
    "model": "structure.responsetype",
    "pk": 6,
    "fields": {
      "parent_type": null,
      "url": "uuuus",
      "method": "prop",
      "parameter": "E_UUUUS_ID",
      "base_mime_type": "text"
    }
  },
  {
    "model": "structure.responsetype",
    "pk": 7,
    "fields": {
      "parent_type": null,
      "url": "uuutu",
      "method": "prop",
      "parameter": "E_UUUTU_ID",
      "base_mime_type": "text"
    }
  },
  {
    "model": "structure.responsetype",
    "pk": 8,
    "fields": {
      "parent_type": null,
      "url": "uuuuu",
      "method": "prop",
      "parameter": "E_UUUUU_ID",
      "base_mime_type": "text"
    }
  },
  {
    "model": "structure.responsetype",
    "pk": 9,
    "fields": {
      "parent_type": 1,
      "url": "ficts_structure",
      "method": "prop",
      "parameter": "E_FICTS_STRUCTURE",
      "base_mime_type": "text"
    }
  },
  {
    "model": "structure.responsetype",
    "pk": 10,
    "fields": {
      "parent_type": 2,
      "url": "ficus_structure",
      "method": "prop",
      "parameter": "E_FICUS_STRUCTURE",
      "base_mime_type": "text"
    }
  },
  {
    "model": "structure.responsetype",
    "pk": 11,
    "fields": {
      "parent_type": 3,
      "url": "fictu_structure",
      "method": "prop",
      "parameter": "E_FICTU_STRUCTURE",
      "base_mime_type": "text"
    }
  },
  {
    "model": "structure.responsetype",
    "pk": 12,
    "fields": {
      "parent_type": 4,
      "url": "ficuu_structure",
      "method": "prop",
      "parameter": "E_FICUU_STRUCTURE",
      "base_mime_type": "text"
    }
  },
  {
    "model": "structure.responsetype",
    "pk": 13,
    "fields": {
      "parent_type": 5,
      "url": "uuuts_structure",
      "method": "prop",
      "parameter": "E_UUUTS_STRUCTURE",
      "base_mime_type": "text"
    }
  },
  {
    "model": "structure.responsetype",
    "pk": 14,
    "fields": {
      "parent_type": 6,
      "url": "uuuus_structure",
      "method": "prop",
      "parameter": "E_UUUUS_STRUCTURE",
      "base_mime_type": "text"
    }
  },
  {
    "model": "structure.responsetype",
    "pk": 15,
    "fields": {
      "parent_type": 7,
      "url": "uuutu_structure",
      "method": "prop",
      "parameter": "E_UUUTU_STRUCTURE",
      "base_mime_type": "text"
    }
  },
  {
    "model": "structure.responsetype",
    "pk": 16,
    "fields": {
      "parent_type": 8,
      "url": "uuuuu_structure",
      "method": "prop",
      "parameter": "E_UUUUU_STRUCTURE",
      "base_mime_type": "text"
    }
  },
  {
    "model": "structure.responsetype",
    "pk": 17,
    "fields": {
      "parent_type": null,
      "url": "inchi",
      "method": "prop",
      "parameter": "E_INCHI",
      "base_mime_type": "text"
    }
  },
  {
    "model": "structure.responsetype",
    "pk": 18,
    "fields": {
      "parent_type": 17,
      "url": "inchikey",
      "method": "prop",
      "parameter": "E_INCHIKEY",
      "base_mime_type": "text"
    }
  },
  {
    "model": "structure.responsetype",
    "pk": 19,
    "fields": {
      "parent_type": null,
      "url": "smiles",
      "method": "prop",
      "parameter": "E_SMILES",
      "base_mime_type": "text"
    }
  },
  {
    "model": "structure.responsetype",
    "pk": 20,
    "fields": {
      "parent_type": null,
      "url": "pack",
      "method": "prop",
      "parameter": "packstring",
      "base_mime_type": "text"
    }
  },
  {
    "model": "structure.responsetype",
    "pk": 21,
    "fields": {
      "parent_type": null,
      "url": "names",
      "method": "names",
      "parameter": null,
      "base_mime_type": "text"
    }
  },
  {
    "model": "structure.responsetype",
    "pk": 22,
    "fields": {
      "parent_type": null,
      "url": "cas",
      "method": "cas",
      "parameter": null,
      "base_mime_type": "text"
    }
  },
  {
    "model": "structure.responsetype",
    "pk": 23,
    "fields": {
      "parent_type": null,
      "url": "stdinchi",
      "method": "prop",
      "parameter": "E_STDINCHI",
      "base_mime_type": "text"
    }
  },
  {
    "model": "structure.responsetype",
    "pk": 24,
    "fields": {
      "parent_type": 23,
      "url": "stdinchikey",
      "method": "prop",
      "parameter": "E_STDINCHIKEY",
      "base_mime_type": "text"
    }
  },
  {
    "model": "structure.responsetype",
    "pk": 25,
    "fields": {
      "parent_type": null,
      "url": "image",
      "method": "prop",
      "parameter": "structure_image",
      "base_mime_type": "image"
    }
  },
  {
    "model": "structure.responsetype",
    "pk": 26,
    "fields": {
      "parent_type": null,
      "url": "sdf",
      "method": "prop",
      "parameter": "E_MOLFILESTRING",
      "base_mime_type": "text"
    }
  },
  {
    "model": "structure.responsetype",
    "pk": 27,
    "fields": {
      "parent_type": null,
      "url": "molfile",
      "method": "prop",
      "parameter": "E_MOLFILESTRING",
      "base_mime_type": "text"
    }
  },
  {
    "model": "structure.responsetype",
    "pk": 28,
    "fields": {
      "parent_type": null,
      "url": "hashisy",
      "method": "prop",
      "parameter": "E_HASHISY",
      "base_mime_type": "text"
    }
  },
  {
    "model": "structure.responsetype",
    "pk": 29,
    "fields": {
      "parent_type": null,
      "url": "gif",
      "method": "prop",
      "parameter": "structure_image",
      "base_mime_type": "image"
    }
  },
  {
    "model": "structure.responsetype",
    "pk": 30,
    "fields": {
      "parent_type": null,
      "url": "iupac_name",
      "method": "iupac_name",
      "parameter": null,
      "base_mime_type": "text"
    }
  },
  {
    "model": "structure.responsetype",
    "pk": 31,
    "fields": {
      "parent_type": null,
      "url": "file",
      "method": "molfilestring",
      "parameter": null,
      "base_mime_type": "text"
    }
  },
  {
    "model": "structure.responsetype",
    "pk": 32,
    "fields": {
      "parent_type": null,
      "url": "twirl",
      "method": "twirl",
      "parameter": "E_MOLFILESTRING",
      "base_mime_type": "text"
    }
  },
  {
    "model": "structure.responsetype",
    "pk": 33,
    "fields": {
      "parent_type": null,
      "url": "urls",
      "method": "urls",
      "parameter": null,
      "base_mime_type": "text"
    }
  },
  {
    "model": "structure.responsetype",
    "pk": 34,
    "fields": {
      "parent_type": null,
      "url": "3d",
      "method": "twirl",
      "parameter": "E_MOLFILESTRING",
      "base_mime_type": "text"
    }
  },
  {
    "model": "structure.responsetype",
    "pk": 36,
    "fields": {
      "parent_type": null,
      "url": "weight",
      "method": "prop",
      "parameter": "E_WEIGHT",
      "base_mime_type": "text"
    }
  },
  {
    "model": "structure.responsetype",
    "pk": 37,
    "fields": {
      "parent_type": null,
      "url": "mw",
      "method": "prop",
      "parameter": "E_WEIGHT",
      "base_mime_type": "text"
    }
  },
  {
    "model": "structure.responsetype",
    "pk": 38,
    "fields": {
      "parent_type": null,
      "url": "formula",
      "method": "prop",
      "parameter": "E_FORMULA",
      "base_mime_type": "text"
    }
  },
  {
    "model": "structure.responsetype",
    "pk": 39,
    "fields": {
      "parent_type": null,
      "url": "monoisotopic_mass",
      "method": "prop",
      "parameter": "E_MONOISOTOPIC_MASS",
      "base_mime_type": "text"
    }
  },
  {
    "model": "structure.responsetype",
    "pk": 40,
    "fields": {
      "parent_type": null,
      "url": "h_bond_donor_count",
      "method": "prop",
      "parameter": "E_NHDONORS",
      "base_mime_type": "text"
    }
  },
  {
    "model": "structure.responsetype",
    "pk": 41,
    "fields": {
      "parent_type": null,
      "url": "h_bond_acceptor_count",
      "method": "prop",
      "parameter": "E_NHACCEPTORS",
      "base_mime_type": "text"
    }
  },
  {
    "model": "structure.responsetype",
    "pk": 42,
    "fields": {
      "parent_type": null,
      "url": "effective_rotor_count",
      "method": "prop",
      "parameter": "E_EFFECTIVE_ROTOR_COUNT",
      "base_mime_type": "text"
    }
  },
  {
    "model": "structure.responsetype",
    "pk": 43,
    "fields": {
      "parent_type": null,
      "url": "xlogp2",
      "method": "prop",
      "parameter": "E_XLOGP2",
      "base_mime_type": "text"
    }
  },
  {
    "model": "structure.responsetype",
    "pk": 44,
    "fields": {
      "parent_type": null,
      "url": "rule_of_5_violation_count",
      "method": "prop",
      "parameter": "E_RULE_OF_5_VIOLATIONS",
      "base_mime_type": "text"
    }
  },
  {
    "model": "structure.responsetype",
    "pk": 45,
    "fields": {
      "parent_type": null,
      "url": "h_bond_center_count",
      "method": "prop",
      "parameter": "E_HYDROGEN_BOND_CENTER_COUNT",
      "base_mime_type": "text"
    }
  },
  {
    "model": "structure.responsetype",
    "pk": 46,
    "fields": {
      "parent_type": null,
      "url": "chemspider_id",
      "method": "chemspider_id",
      "parameter": null,
      "base_mime_type": "text"
    }
  },
  {
    "model": "structure.responsetype",
    "pk": 47,
    "fields": {
      "parent_type": null,
      "url": "rotor_count",
      "method": "prop",
      "parameter": "E_ROTOR_COUNT",
      "base_mime_type": "text"
    }
  },
  {
    "model": "structure.responsetype",
    "pk": 48,
    "fields": {
      "parent_type": null,
      "url": "aromatic",
      "method": "prop",
      "parameter": "E_IS_AROMATIC",
      "base_mime_type": "text"
    }
  },
  {
    "model": "structure.responsetype",
    "pk": 49,
    "fields": {
      "parent_type": null,
      "url": "macrocyclic",
      "method": "prop",
      "parameter": "E_IS_MACROCYCLIC",
      "base_mime_type": "text"
    }
  },
  {
    "model": "structure.responsetype",
    "pk": 50,
    "fields": {
      "parent_type": null,
      "url": "is_aromatic",
      "method": "prop",
      "parameter": "E_IS_AROMATIC",
      "base_mime_type": "text"
    }
  },
  {
    "model": "structure.responsetype",
    "pk": 51,
    "fields": {
      "parent_type": null,
      "url": "is_macrocyclic",
      "method": "prop",
      "parameter": "E_IS_MACROCYCLIC",
      "base_mime_type": "text"
    }
  },
  {
    "model": "structure.responsetype",
    "pk": 52,
    "fields": {
      "parent_type": null,
      "url": "heteroatom_count",
      "method": "prop",
      "parameter": "E_HETERO_ATOM_COUNT",
      "base_mime_type": "text"
    }
  },
  {
    "model": "structure.responsetype",
    "pk": 53,
    "fields": {
      "parent_type": null,
      "url": "hydrogen_atom_count",
      "method": "prop",
      "parameter": "E_HYDROGEN_ATOM_COUNT",
      "base_mime_type": "text"
    }
  },
  {
    "model": "structure.responsetype",
    "pk": 54,
    "fields": {
      "parent_type": null,
      "url": "heavy_atom_count",
      "method": "prop",
      "parameter": "E_HEAVY_ATOM_COUNT",
      "base_mime_type": "text"
    }
  },
  {
    "model": "structure.responsetype",
    "pk": 55,
    "fields": {
      "parent_type": null,
      "url": "deprotonable_group_count",
      "method": "prop",
      "parameter": "E_DEPROTONABLE_GROUP_COUNT",
      "base_mime_type": "text"
    }
  },
  {
    "model": "structure.responsetype",
    "pk": 56,
    "fields": {
      "parent_type": null,
      "url": "protonable_group_count",
      "method": "prop",
      "parameter": "E_PROTONABLE_GROUP_COUNT",
      "base_mime_type": "text"
    }
  },
  {
    "model": "structure.responsetype",
    "pk": 57,
    "fields": {
      "parent_type": null,
      "url": "ring_count",
      "method": "prop",
      "parameter": "E_RING_COUNT",
      "base_mime_type": "text"
    }
  },
  {
    "model": "structure.responsetype",
    "pk": 58,
    "fields": {
      "parent_type": null,
      "url": "ringsys_count",
      "method": "prop",
      "parameter": "E_RINGSYS_COUNT",
      "base_mime_type": "text"
    }
  },
  {
    "model": "structure.responsetype",
    "pk": 59,
    "fields": {
      "parent_type": null,
      "url": "ncicadd_sid",
      "method": "ncicadd_structure_id",
      "parameter": null,
      "base_mime_type": "text"
    }
  },
  {
    "model": "structure.responsetype",
    "pk": 60,
    "fields": {
      "parent_type": null,
      "url": "ncicadd_cid",
      "method": "ncicadd_compound_id",
      "parameter": null,
      "base_mime_type": "text"
    }
  },
  {
    "model": "structure.responsetype",
    "pk": 61,
    "fields": {
      "parent_type": null,
      "url": "ncicadd_rid",
      "method": "ncicadd_record_id",
      "parameter": null,
      "base_mime_type": "text"
    }
  },
  {
    "model": "structure.responsetype",
    "pk": 62,
    "fields": {
      "parent_type": null,
      "url": "chemnavigator_sid",
      "method": "chemnavigator_sid",
      "parameter": null,
      "base_mime_type": "text"
    }
  },
  {
    "model": "structure.responsetype",
    "pk": 63,
    "fields": {
      "parent_type": null,
      "url": "pubchem_sid",
      "method": "pubchem_sid",
      "parameter": null,
      "base_mime_type": "text"
    }
  },
  {
    "model": "structure.responsetype",
    "pk": 64,
    "fields": {
      "parent_type": null,
      "url": "emolecules_vid",
      "method": "emolecules_vid",
      "parameter": null,
      "base_mime_type": "text"
    }
  },
  {
    "model": "structure.responsetype",
    "pk": 65,
    "fields": {
      "parent_type": null,
      "url": "emolecules_id",
      "method": "emolecules_vid",
      "parameter": null,
      "base_mime_type": "text"
    }
  },
  {
    "model": "structure.responsetype",
    "pk": 66,
    "fields": {
      "parent_type": null,
      "url": "zinc_id",
      "method": "zinc_id",
      "parameter": null,
      "base_mime_type": "text"
    }
  },
  {
    "model": "structure.responsetype",
    "pk": 67,
    "fields": {
      "parent_type": null,
      "url": "zinc_code",
      "method": "zinc_id",
      "parameter": null,
      "base_mime_type": "text"
    }
  },
  {
    "model": "structure.responsetype",
    "pk": 68,
    "fields": {
      "parent_type": null,
      "url": "zinc",
      "method": "zinc_id",
      "parameter": null,
      "base_mime_type": "text"
    }
  },
  {
    "model": "structure.responsetype",
    "pk": 69,
    "fields": {
      "parent_type": null,
      "url": "chemnavigator_id",
      "method": "chemnavigator_sid",
      "parameter": null,
      "base_mime_type": "text"
    }
  },
  {
    "model": "structure.responsetype",
    "pk": 70,
    "fields": {
      "parent_type": null,
      "url": "nsc_number",
      "method": "nsc_number",
      "parameter": null,
      "base_mime_type": "text"
    }
  },
  {
    "model": "structure.responsetype",
    "pk": 71,
    "fields": {
      "parent_type": null,
      "url": "nsc",
      "method": "nsc_number",
      "parameter": null,
      "base_mime_type": "text"
    }
  }
]